,Unnamed: 0,zip,1br,2br,3br,4br,year,county
0,0,94558,1090,1460,2080,2050,2014,Napa County
6,0,94558,1280,1660,2420,2690,2017,Napa County
15,0,94558,1020,1320,1830,2070,2012,Napa County
18,0,94558,1420,1880,2720,2960,2019,Napa County
27,0,94558,1000,1340,1910,1880,2013,Napa County
30,0,94558,1090,1420,1960,2230,2011,Napa County
33,0,94558,1170,1540,2200,2440,2016,Napa County
42,0,94558,1170,1560,2230,2190,2015,Napa County
48,0,94558,1350,1780,2580,2860,2018,Napa County
57,2,94533,850,1070,1580,1870,2014,Solano County
58,3,94533,900,1130,1640,1990,2017,Solano County
59,1,94533,990,1140,1600,1970,2012,Solano County
60,3,94533,1140,1390,2010,2440,2019,Solano County
61,1,94533,850,1070,1580,1870,2013,Solano County
62,1,94533,1020,1170,1640,2020,2011,Solano County
63,3,94533,930,1160,1690,2030,2016,Solano County
64,2,94533,890,1110,1640,1940,2015,Solano County
65,3,94533,1060,1310,1910,2310,2018,Solano County
66,3,95620,1000,1250,1840,2190,2014,Yolo County
70,4,95620,900,1120,1630,1970,2017,Yolo County
74,2,95620,1130,1300,1820,2250,2012,Yolo County
78,4,95620,1030,1250,1810,2190,2019,Yolo County
82,2,95620,1000,1250,1840,2190,2013,Yolo County
86,2,95620,1100,1260,1770,2180,2011,Yolo County
90,4,95620,950,1200,1750,2100,2016,Yolo County
94,3,95620,1030,1290,1900,2260,2015,Yolo County
98,4,95620,950,1180,1710,2070,2018,Yolo County
102,5,95476,1050,1410,2010,1980,2014,Napa County
106,6,95476,1220,1590,2310,2580,2017,Napa County
110,4,95476,1010,1310,1810,2060,2012,Napa County
114,6,95476,1490,1940,2810,3390,2019,Napa County
118,4,95476,970,1300,1850,1820,2013,Napa County
122,4,95476,1090,1410,1950,2220,2011,Napa County
126,6,95476,1140,1500,2150,2370,2016,Napa County
130,5,95476,1130,1510,2150,2120,2015,Napa County
134,6,95476,1460,1890,2760,3340,2018,Napa County
138,7,94559,980,1310,1870,1840,2014,Napa County
139,8,94559,1080,1410,2050,2290,2017,Napa County
140,6,94559,950,1230,1700,1930,2012,Napa County
141,8,94559,1270,1680,2430,2650,2019,Napa County
142,6,94559,900,1200,1710,1680,2013,Napa County
143,6,94559,1020,1320,1830,2070,2011,Napa County
144,8,94559,1000,1320,1890,2090,2016,Napa County
145,7,94559,1050,1400,2000,1960,2015,Napa County
146,8,94559,1220,1600,2330,2580,2018,Napa County
147,8,94954,1110,1450,2140,2500,2014,Sonoma County
148,9,94954,1430,1850,2690,3260,2017,Sonoma County
149,7,94954,1070,1350,1920,2240,2012,Sonoma County
150,9,94954,1770,2310,3340,4040,2019,Sonoma County
151,7,94954,1180,1550,2280,2680,2013,Sonoma County
152,7,94954,1170,1480,2100,2460,2011,Sonoma County
153,9,94954,1270,1640,2390,2860,2016,Sonoma County
154,8,94954,1210,1590,2340,2750,2015,Sonoma County
155,9,94954,1700,2210,3210,3890,2018,Sonoma County
156,9,94571,770,970,1430,1720,2014,Sacramento County
160,10,94571,900,1130,1640,1990,2017,Sacramento County
164,8,94571,770,940,1360,1550,2012,Sacramento County
168,10,94571,1130,1380,2000,2420,2019,Sacramento County
172,8,94571,780,980,1440,1740,2013,Sacramento County
176,8,94571,830,1010,1460,1670,2011,Sacramento County
180,10,94571,910,1150,1680,2010,2016,Sacramento County
184,9,94571,780,980,1440,1740,2015,Sacramento County
188,10,94571,1010,1250,1820,2200,2018,Sacramento County
192,11,94535,1390,1740,2560,3050,2014,Solano County
193,12,94535,1380,1730,2520,3050,2017,Solano County
194,10,94535,1460,1670,2340,2880,2012,Solano County
195,12,94535,1580,1920,2780,3370,2019,Solano County
196,10,94535,1400,1750,2580,3070,2013,Solano County
197,10,94535,1100,1260,1770,2180,2011,Solano County
198,12,94535,1440,1810,2640,3160,2016,Solano County
199,11,94535,1440,1810,2670,3170,2015,Solano County
200,12,94535,1470,1820,2650,3200,2018,Solano County
201,12,94503,1230,1640,2340,2300,2014,Napa County
205,13,94503,1480,1920,2790,3120,2017,Napa County
209,11,94503,1130,1470,2030,2310,2012,Napa County
213,13,94503,1470,1940,2810,3050,2019,Napa County
217,11,94503,1130,1510,2150,2120,2013,Napa County
221,11,94503,1090,1410,1950,2220,2011,Napa County
225,13,94503,1430,1880,2690,2970,2016,Napa County
229,12,94503,1310,1750,2500,2450,2015,Napa County
231,13,94503,1380,1820,2640,2930,2018,Napa County
235,14,94949,1390,1710,2340,2810,2014,Marin County
236,15,94949,2200,2690,3600,4300,2017,Marin County
237,13,94949,1470,1740,2360,2920,2012,Marin County
238,15,94949,2410,2980,3900,4140,2019,Marin County
239,13,94949,1330,1640,2250,2690,2013,Marin County
240,13,94949,1470,1730,2330,2720,2011,Marin County
241,15,94949,1660,2040,2730,3170,2016,Marin County
242,13,94949,1460,1800,2460,2960,2015,Marin County
243,15,94949,2640,3300,4300,4590,2018,Marin County
244,15,94945,1280,1580,2160,2590,2014,Marin County
245,16,94945,2030,2480,3320,3970,2017,Marin County
246,14,94945,1330,1570,2130,2640,2012,Marin County
247,16,94945,2320,2870,3760,3980,2019,Marin County
249,14,94945,1230,1520,2080,2500,2013,Marin County
250,14,94945,1330,1570,2110,2470,2011,Marin County
251,16,94945,1470,1800,2410,2800,2016,Marin County
252,14,94945,1340,1660,2270,2730,2015,Marin County
253,16,94945,2520,3150,4110,4380,2018,Marin County
254,16,94512,930,1160,1710,2030,2014,Solano County
255,17,94512,1000,1250,1820,2200,2017,Solano County
256,15,94512,1070,1230,1720,2120,2012,Solano County
257,18,94512,1180,1440,2080,2530,2019,Solano County
258,15,94512,930,1170,1720,2050,2013,Solano County
259,15,94512,1100,1260,1770,2180,2011,Solano County
260,17,94512,1020,1280,1870,2230,2016,Solano County
261,15,94512,970,1210,1780,2120,2015,Solano County
262,17,94512,1090,1340,1950,2360,2018,Solano County
263,17,94591,1050,1410,2010,1980,2014,Napa County
267,18,94591,1220,1590,2310,2580,2017,Napa County
271,16,94591,1170,1340,1880,2310,2012,Napa County
273,19,94591,1390,1690,2440,2960,2019,Napa County
277,16,94591,1040,1300,1920,2280,2013,Napa County
279,16,94591,1200,1380,1930,2380,2011,Napa County
281,18,94591,1140,1500,2150,2370,2016,Napa County
285,16,94591,1070,1340,1970,2350,2015,Napa County
287,18,94591,1270,1570,2280,2760,2018,Napa County
291,19,94510,960,1200,1770,2100,2014,Solano County
292,20,94510,1050,1310,1910,2310,2017,Solano County
293,17,94510,1070,1230,1720,2120,2012,Solano County
294,21,94510,1260,1530,2210,2680,2019,Solano County
295,17,94510,960,1200,1770,2100,2013,Solano County
296,17,94510,1100,1260,1770,2180,2011,Solano County
297,20,94510,1080,1350,1970,2360,2016,Solano County
298,17,94510,990,1240,1830,2170,2015,Solano County
299,20,94510,1140,1410,2040,2470,2018,Solano County
300,20,94592,930,1160,1710,2030,2014,Solano County
301,21,94592,1000,1250,1820,2200,2017,Solano County
302,18,94592,1070,1230,1720,2120,2012,Solano County
303,22,94592,1770,2160,3120,3790,2019,Solano County
304,18,94592,930,1170,1720,2050,2013,Solano County
305,18,94592,1100,1260,1770,2180,2011,Solano County
306,21,94592,1020,1280,1870,2230,2016,Solano County
307,18,94592,970,1210,1780,2120,2015,Solano County
308,21,94592,1630,2010,2930,3540,2018,Solano County
309,21,94589,960,1200,1770,2100,2014,Napa County
311,22,94589,1220,1590,2310,2580,2017,Napa County
315,19,94589,1010,1310,1810,2060,2012,Napa County
319,23,94589,1220,1490,2150,2610,2019,Napa County
323,19,94589,970,1300,1850,1820,2013,Napa County
327,19,94589,1090,1410,1950,2220,2011,Napa County
331,22,94589,1140,1500,2150,2370,2016,Napa County
335,19,94589,990,1240,1830,2170,2015,Napa County
337,22,94589,1120,1440,2090,2440,2018,Napa County
341,22,94947,1560,1930,2640,3170,2014,Marin County
342,24,94947,2120,2590,3470,4140,2017,Marin County
343,21,94947,1700,2010,2730,3370,2012,Marin County
344,25,94947,2260,2830,3690,3930,2019,Marin County
345,21,94947,1510,1860,2550,3050,2013,Marin County
346,21,94947,1710,2010,2700,3160,2011,Marin County
347,24,94947,1660,2040,2730,3170,2016,Marin County
348,20,94947,1640,2030,2780,3330,2015,Marin County
349,24,94947,2510,3140,4100,4360,2018,Marin County
350,23,94590,770,970,1430,1700,2014,Solano County
351,25,94590,830,1040,1510,1830,2017,Solano County
352,22,94590,920,1050,1470,1810,2012,Solano County
353,26,94590,1160,1410,2040,2470,2019,Solano County
354,22,94590,780,980,1440,1720,2013,Solano County
355,22,94590,990,1140,1600,1970,2011,Solano County
356,25,94590,850,1070,1560,1870,2016,Solano County
357,21,94590,810,1010,1490,1770,2015,Solano County
358,25,94590,1100,1350,1970,2380,2018,Solano County
359,24,94946,1230,1520,2080,2500,2014,Marin County
360,26,94946,2140,2610,3500,4180,2017,Marin County
361,23,94946,1360,1610,2180,2700,2012,Marin County
362,27,94946,2290,2860,3730,3970,2019,Marin County
363,23,94946,1190,1470,2010,2410,2013,Marin County
364,23,94946,1370,1610,2170,2530,2011,Marin County
365,26,94946,1640,2010,2690,3120,2016,Marin County
366,22,94946,1300,1610,2200,2640,2015,Marin County
367,26,94946,2540,3170,4140,4410,2018,Marin County
368,25,94561,1430,1770,2420,2910,2014,Contra Costa County
369,27,94561,2010,2450,3280,3920,2017,Contra Costa County
370,24,94561,1570,1860,2520,3120,2012,Contra Costa County
371,28,94561,1770,2220,3060,3760,2019,Contra Costa County
372,24,94561,1380,1700,2330,2790,2013,Contra Costa County
373,24,94561,1580,1860,2500,2930,2011,Contra Costa County
374,27,94561,1490,1830,2450,2840,2016,Contra Costa County
375,23,94561,1510,1870,2560,3070,2015,Contra Costa County
376,27,94561,1960,2460,3400,4170,2018,Contra Costa County
377,26,94525,880,1090,1490,1790,2014,Contra Costa County
378,28,94525,1360,1660,2220,2660,2017,Contra Costa County
379,25,94525,880,1040,1410,1750,2012,Contra Costa County
380,29,94525,1670,2100,2900,3560,2019,Contra Costa County
381,25,94525,850,1050,1440,1720,2013,Contra Costa County
382,25,94525,1300,1530,2060,2410,2011,Contra Costa County
383,28,94525,970,1190,1590,1850,2016,Contra Costa County
384,24,94525,930,1150,1570,1890,2015,Contra Costa County
385,28,94525,1550,1960,2720,3130,2018,Contra Costa County
386,27,94569,1210,1500,2050,2460,2014,Contra Costa County
387,29,94569,1210,1480,1980,2370,2017,Contra Costa County
388,26,94569,1290,1530,2070,2570,2012,Contra Costa County
389,30,94569,1670,2100,2900,3560,2019,Contra Costa County
390,26,94569,1170,1440,1970,2360,2013,Contra Costa County
391,26,94569,1300,1530,2060,2410,2011,Contra Costa County
392,29,94569,1370,1680,2250,2610,2016,Contra Costa County
393,25,94569,1280,1580,2160,2590,2015,Contra Costa County
394,29,94569,1550,1960,2720,3130,2018,Contra Costa County
395,28,94585,1060,1330,1960,2330,2014,Solano County
396,30,94585,1150,1440,2100,2540,2017,Solano County
397,27,94585,1270,1460,2050,2520,2012,Solano County
398,31,94585,1390,1690,2440,2960,2019,Solano County
399,27,94585,1060,1330,1960,2330,2013,Solano County
400,27,94585,1310,1500,2100,2590,2011,Solano County
401,30,94585,1170,1470,2140,2570,2016,Solano County
402,26,94585,1100,1380,2030,2420,2015,Solano County
403,30,94585,1260,1550,2260,2740,2018,Solano County
404,29,94103,1060,1310,1790,2150,2014,San Francisco County
405,31,94103,1610,1970,2640,3150,2017,San Francisco County
406,28,94103,1090,1290,1750,2170,2012,San Francisco County
407,32,94103,2250,2810,3670,3920,2019,San Francisco County
408,28,94103,1020,1260,1730,2070,2013,San Francisco County
409,28,94103,1190,1400,1880,2200,2011,San Francisco County
410,31,94103,1210,1480,1980,2300,2016,San Francisco County
411,27,94103,1120,1380,1890,2270,2015,San Francisco County
412,31,94103,2170,2720,3530,4350,2018,San Francisco County
413,30,94565,1180,1460,2000,2400,2014,Contra Costa County
414,32,94565,1790,2190,2930,3500,2017,Contra Costa County
415,29,94565,1230,1460,1980,2450,2012,Contra Costa County
416,33,94565,1670,2100,2900,3560,2019,Contra Costa County
417,29,94565,1130,1400,1920,2300,2013,Contra Costa County
418,29,94565,1240,1460,1960,2300,2011,Contra Costa County
419,32,94565,1300,1590,2130,2470,2016,Contra Costa County
420,28,94565,1250,1540,2110,2530,2015,Contra Costa County
421,32,94565,1700,2140,2950,3620,2018,Contra Costa County
422,31,94903,1600,1970,2700,3240,2014,Marin County
423,33,94903,2300,2810,3760,4500,2017,Marin County
424,30,94903,1660,1970,2670,3310,2012,Marin County
425,34,94903,2510,3120,4070,4330,2019,Marin County
426,30,94903,1540,1900,2600,3120,2013,Marin County
427,30,94903,1670,1960,2640,3080,2011,Marin County
428,33,94903,1760,2160,2890,3360,2016,Marin County
429,29,94903,1680,2080,2850,3420,2015,Marin County
430,33,94903,2770,3460,4520,4810,2018,Marin County
431,32,94520,1030,1270,1740,2090,2014,Contra Costa County
432,34,94520,1590,1940,2600,3100,2017,Contra Costa County
433,31,94520,1110,1310,1780,2200,2012,Contra Costa County
434,35,94520,1670,2100,2900,3560,2019,Contra Costa County
435,31,94520,1000,1230,1680,2020,2013,Contra Costa County
436,31,94520,1190,1400,1880,2200,2011,Contra Costa County
437,34,94520,1150,1410,1890,2190,2016,Contra Costa County
438,30,94520,1090,1340,1830,2200,2015,Contra Costa County
439,34,94520,1770,2220,3070,3770,2018,Contra Costa County
440,33,94572,920,1140,1560,1870,2014,Contra Costa County
441,35,94572,1590,1940,2600,3100,2017,Contra Costa County
442,32,94572,890,1060,1440,1780,2012,Contra Costa County
443,36,94572,1670,2100,2900,3560,2019,Contra Costa County
444,32,94572,890,1100,1510,1810,2013,Contra Costa County
445,32,94572,1300,1530,2060,2410,2011,Contra Costa County
446,35,94572,1120,1370,1840,2130,2016,Contra Costa County
447,31,94572,970,1200,1640,1970,2015,Contra Costa County
448,35,94572,1620,2030,2800,3440,2018,Contra Costa County
449,34,94553,1130,1390,1900,2280,2014,Contra Costa County
450,36,94553,1870,2280,3050,3650,2017,Contra Costa County
451,33,94553,1200,1420,1930,2380,2012,Contra Costa County
452,37,94553,1670,2100,2900,3560,2019,Contra Costa County
453,33,94553,1090,1340,1830,2200,2013,Contra Costa County
454,33,94553,1210,1420,1910,2230,2011,Contra Costa County
455,36,94553,1340,1640,2200,2550,2016,Contra Costa County
456,32,94553,1190,1470,2010,2410,2015,Contra Costa County
457,36,94553,1820,2280,3150,3860,2018,Contra Costa County
458,35,94547,1430,1770,2420,2910,2014,Contra Costa County
459,37,94547,2110,2580,3460,4130,2017,Contra Costa County
460,34,94547,1670,1980,2680,3320,2012,Contra Costa County
461,38,94547,1900,2370,3260,4000,2019,Contra Costa County
462,34,94547,1390,1710,2340,2810,2013,Contra Costa County
463,34,94547,1300,1530,2060,2410,2011,Contra Costa County
464,37,94547,1580,1940,2600,3010,2016,Contra Costa County
465,33,94547,1510,1870,2560,3070,2015,Contra Costa County
466,37,94547,2090,2620,3620,4440,2018,Contra Costa County
467,36,94963,1460,1800,2460,2960,2014,Marin County
468,38,94963,3710,4530,6070,7250,2017,Marin County
469,35,94963,1540,1820,2470,3060,2012,Marin County
470,39,94963,2290,2860,3730,3970,2019,Marin County
471,35,94963,1400,1730,2370,2840,2013,Marin County
472,35,94963,1550,1820,2450,2860,2011,Marin County
473,38,94963,2140,2630,3520,4090,2016,Marin County
474,34,94963,1530,1890,2590,3100,2015,Marin County
475,38,94963,2540,3170,4140,4410,2018,Marin County
476,37,94938,1300,1610,2200,2640,2014,Marin County
477,39,94938,2180,2660,3560,4260,2017,Marin County
478,36,94938,1290,1530,2070,2570,2012,Marin County
479,40,94938,2250,2810,3670,3920,2019,Marin County
480,36,94938,1260,1550,2120,2550,2013,Marin County
481,36,94938,1550,1820,2450,2860,2011,Marin County
482,39,94938,1690,2070,2770,3220,2016,Marin County
483,35,94938,1380,1700,2330,2790,2015,Marin County
484,39,94938,2500,3120,4070,4350,2018,Marin County
485,38,94502,1130,1400,1920,2300,2014,Alameda County
486,40,94502,2670,3260,4370,5220,2017,Alameda County
487,37,94502,1210,1430,1940,2400,2012,Alameda County
488,41,94502,2510,3150,4350,5330,2019,Alameda County
489,37,94502,1090,1350,1850,2220,2013,Alameda County
490,37,94502,1220,1430,1920,2250,2011,Alameda County
491,40,94502,2140,2630,3520,4090,2016,Alameda County
492,36,94502,1200,1480,2030,2430,2015,Alameda County
493,40,94502,2780,3490,4830,5920,2018,Alameda County
494,39,94509,1070,1320,1810,2170,2014,Contra Costa County
495,41,94509,1650,2010,2690,3220,2017,Contra Costa County
496,38,94509,1160,1370,1860,2300,2012,Contra Costa County
497,42,94509,1670,2100,2900,3560,2019,Contra Costa County
498,38,94509,1030,1270,1740,2090,2013,Contra Costa County
499,38,94509,1190,1400,1880,2200,2011,Contra Costa County
500,41,94509,1200,1470,1970,2280,2016,Contra Costa County
501,37,94509,1130,1390,1900,2280,2015,Contra Costa County
502,41,94509,1580,1980,2730,3350,2018,Contra Costa County
503,40,94960,1340,1660,2270,2730,2014,Marin County
504,42,94960,2010,2460,3300,3940,2017,Marin County
505,39,94960,1420,1680,2280,2820,2012,Marin County
506,43,94960,2250,2810,3670,3920,2019,Marin County
507,39,94960,1300,1600,2190,2630,2013,Marin County
508,39,94960,1430,1680,2260,2640,2011,Marin County
509,42,94960,1570,1920,2570,2980,2016,Marin County
510,38,94960,1420,1750,2400,2870,2015,Marin County
511,42,94960,2410,3000,3920,4350,2018,Marin County
512,41,94513,1540,1900,2600,3120,2014,Contra Costa County
513,43,94513,2550,3110,4170,4980,2017,Contra Costa County
514,40,94513,1500,1780,2410,2990,2012,Contra Costa County
515,44,94513,2320,2900,4010,4920,2019,Contra Costa County
516,40,94513,1480,1830,2510,3010,2013,Contra Costa County
517,40,94513,1300,1530,2060,2410,2011,Contra Costa County
518,43,94513,1830,2240,3000,3480,2016,Contra Costa County
519,39,94513,1620,2000,2740,3280,2015,Contra Costa County
520,43,94513,2570,3220,4450,5460,2018,Contra Costa County
521,42,94109,1130,1400,1920,2300,2014,San Francisco County
522,44,94109,1880,2290,3070,3660,2017,San Francisco County
523,41,94109,1200,1420,1930,2380,2012,San Francisco County
524,45,94109,2740,3390,4440,4700,2019,San Francisco County
525,41,94109,1090,1340,1830,2200,2013,San Francisco County
526,41,94109,1210,1420,1910,2230,2011,San Francisco County
527,44,94109,1390,1700,2280,2640,2016,San Francisco County
528,40,94109,1190,1470,2010,2410,2015,San Francisco County
529,44,94109,2930,3660,4770,5080,2018,San Francisco County
530,43,94521,1210,1500,2050,2460,2014,Contra Costa County
531,45,94521,1970,2410,3230,3860,2017,Contra Costa County
532,42,94521,1260,1490,2020,2500,2012,Contra Costa County
533,46,94521,1810,2260,3120,3830,2019,Contra Costa County
534,42,94521,1170,1440,1970,2360,2013,Contra Costa County
535,42,94521,1270,1490,2000,2340,2011,Contra Costa County
536,45,94521,1400,1720,2310,2670,2016,Contra Costa County
537,41,94521,1280,1580,2160,2590,2015,Contra Costa County
538,45,94521,2000,2510,3460,4250,2018,Contra Costa County
539,44,94930,1530,1890,2590,3100,2014,Marin County
540,46,94930,2060,2510,3360,4020,2017,Marin County
541,43,94930,1750,2070,2810,3480,2012,Marin County
542,47,94930,2250,2810,3670,3920,2019,Marin County
543,43,94930,1470,1810,2480,2970,2013,Marin County
544,43,94930,1760,2070,2780,3260,2011,Marin County
545,46,94930,1620,1990,2670,3090,2016,Marin County
546,42,94930,1610,1990,2730,3270,2015,Marin County
547,46,94930,2470,3080,4020,4350,2018,Marin County
548,45,94973,1460,1800,2460,2960,2014,Marin County
549,47,94973,2140,2610,3500,4180,2017,Marin County
550,44,94973,1540,1820,2470,3060,2012,Marin County
551,48,94973,3310,4130,5380,5730,2019,Marin County
552,44,94973,1400,1730,2370,2840,2013,Marin County
553,44,94973,1550,1820,2450,2860,2011,Marin County
554,47,94973,1640,2010,2690,3120,2016,Marin County
555,43,94973,1530,1890,2590,3100,2015,Marin County
556,47,94973,3670,4580,5970,6360,2018,Marin County
557,46,94933,1710,2110,2890,3470,2014,Marin County
558,48,94933,2140,2610,3500,4180,2017,Marin County
559,45,94933,1770,2100,2850,3530,2012,Marin County
560,49,94933,2290,2860,3730,3970,2019,Marin County
561,45,94933,1640,2030,2780,3330,2013,Marin County
562,45,94933,1550,1820,2450,2860,2011,Marin County
563,48,94933,1640,2010,2690,3120,2016,Marin County
564,44,94933,1800,2220,3040,3650,2015,Marin County
565,48,94933,2540,3170,4140,4410,2018,Marin County
566,47,94598,1460,1800,2460,2960,2014,Contra Costa County
567,49,94598,2330,2850,3820,4560,2017,Contra Costa County
568,46,94598,1490,1760,2390,2960,2012,Contra Costa County
569,50,94598,2260,2810,3870,4740,2019,Contra Costa County
570,46,94598,1400,1730,2370,2840,2013,Contra Costa County
571,46,94598,1490,1750,2350,2750,2011,Contra Costa County
572,49,94598,1670,2050,2750,3190,2016,Contra Costa County
573,45,94598,1540,1900,2600,3120,2015,Contra Costa County
574,49,94598,2410,3030,4180,5130,2018,Contra Costa County
575,48,94564,1250,1540,2110,2530,2014,Contra Costa County
576,50,94564,1890,2310,3090,3700,2017,Contra Costa County
577,47,94564,1290,1530,2070,2570,2012,Contra Costa County
578,51,94564,1710,2130,2930,3590,2019,Contra Costa County
579,47,94564,1200,1480,2030,2430,2013,Contra Costa County
580,47,94564,1300,1530,2060,2410,2011,Contra Costa County
581,50,94564,1390,1700,2280,2640,2016,Contra Costa County
582,46,94564,1310,1620,2220,2660,2015,Contra Costa County
583,50,94564,1870,2350,3250,3980,2018,Contra Costa County
584,49,94801,960,1180,1620,1940,2014,Contra Costa County
585,51,94801,1450,1770,2370,2830,2017,Contra Costa County
586,48,94801,1020,1210,1640,2030,2012,Contra Costa County
587,52,94801,1670,2100,2900,3560,2019,Contra Costa County
588,48,94801,920,1140,1560,1870,2013,Contra Costa County
589,48,94801,1190,1400,1880,2200,2011,Contra Costa County
590,51,94801,1050,1290,1730,2000,2016,Contra Costa County
591,47,94801,1000,1240,1700,2040,2015,Contra Costa County
592,51,94801,1550,1960,2720,3130,2018,Contra Costa County
593,50,94519,1230,1520,2080,2500,2014,Contra Costa County
594,52,94519,1980,2420,3240,3870,2017,Contra Costa County
595,49,94519,1420,1680,2280,2820,2012,Contra Costa County
596,53,94519,1760,2200,3050,3730,2019,Contra Costa County
597,49,94519,1180,1460,2000,2400,2013,Contra Costa County
598,49,94519,1300,1530,2060,2410,2011,Contra Costa County
599,52,94519,1410,1730,2320,2690,2016,Contra Costa County
600,48,94519,1300,1600,2190,2630,2015,Contra Costa County
601,52,94519,1950,2440,3380,4140,2018,Contra Costa County
602,51,94806,1080,1330,1820,2180,2014,Contra Costa County
603,53,94806,1610,1970,2640,3150,2017,Contra Costa County
604,50,94806,1160,1370,1860,2300,2012,Contra Costa County
605,54,94806,1670,2100,2900,3560,2019,Contra Costa County
606,50,94806,1040,1280,1750,2100,2013,Contra Costa County
607,50,94806,1190,1400,1880,2200,2011,Contra Costa County
608,53,94806,1180,1450,1940,2250,2016,Contra Costa County
609,49,94806,1130,1400,1920,2300,2015,Contra Costa County
610,53,94806,1690,2120,2930,3590,2018,Contra Costa County
611,52,94901,1250,1540,2110,2530,2014,Marin County
612,54,94901,1810,2210,2960,3540,2017,Marin County
613,51,94901,1320,1560,2120,2620,2012,Marin County
614,55,94901,2250,2810,3670,3920,2019,Marin County
615,51,94901,1200,1480,2030,2430,2013,Marin County
616,51,94901,1330,1560,2100,2450,2011,Marin County
617,54,94901,1390,1700,2280,2640,2016,Marin County
618,50,94901,1310,1620,2220,2660,2015,Marin County
619,54,94901,2450,3060,3980,4350,2018,Marin County
620,53,94531,1660,2050,2810,3370,2014,Contra Costa County
621,55,94531,2670,3260,4370,5220,2017,Contra Costa County
622,52,94531,1790,2120,2870,3560,2012,Contra Costa County
623,56,94531,2510,3150,4350,5330,2019,Contra Costa County
624,52,94531,1600,1970,2700,3240,2013,Contra Costa County
625,52,94531,1800,2120,2850,3330,2011,Contra Costa County
626,55,94531,2140,2630,3520,4090,2016,Contra Costa County
627,51,94531,1750,2160,2960,3550,2015,Contra Costa County
628,55,94531,2780,3490,4830,5920,2018,Contra Costa County
629,54,94803,1190,1470,2010,2410,2014,Contra Costa County
630,56,94803,1790,2190,2930,3500,2017,Contra Costa County
631,53,94803,1310,1550,2100,2600,2012,Contra Costa County
632,57,94803,1680,2100,2900,3560,2019,Contra Costa County
633,53,94803,1140,1410,1930,2320,2013,Contra Costa County
634,53,94803,1320,1550,2080,2440,2011,Contra Costa County
635,56,94803,1300,1590,2130,2470,2016,Contra Costa County
636,52,94803,1250,1540,2110,2530,2015,Contra Costa County
637,56,94803,1840,2310,3200,3920,2018,Contra Costa County
638,55,94601,860,1060,1450,1740,2014,Alameda County
639,57,94601,1390,1700,2280,2720,2017,Alameda County
640,54,94601,940,1110,1510,1860,2012,Alameda County
641,58,94601,1670,2100,2900,3560,2019,Alameda County
642,54,94601,830,1020,1400,1680,2013,Alameda County
643,54,94601,1190,1400,1880,2200,2011,Alameda County
644,57,94601,1000,1230,1650,1910,2016,Alameda County
645,53,94601,910,1120,1530,1840,2015,Alameda County
646,57,94601,1610,2030,2800,3430,2018,Alameda County
647,56,94523,1320,1630,2230,2680,2014,Contra Costa County
648,58,94523,2050,2500,3350,4000,2017,Contra Costa County
649,55,94523,1390,1650,2240,2770,2012,Contra Costa County
650,59,94523,1900,2370,3260,4000,2019,Contra Costa County
651,55,94523,1270,1570,2150,2580,2013,Contra Costa County
652,55,94523,1400,1650,2220,2600,2011,Contra Costa County
653,58,94523,1470,1800,2410,2800,2016,Contra Costa County
654,54,94523,1390,1720,2360,2820,2015,Contra Costa County
655,58,94523,2060,2590,3580,4390,2018,Contra Costa County
656,57,94518,1270,1570,2150,2580,2014,Contra Costa County
657,59,94518,1840,2250,3010,3600,2017,Contra Costa County
658,56,94518,1380,1640,2220,2750,2012,Contra Costa County
659,60,94518,1690,2110,2910,3580,2019,Contra Costa County
660,56,94518,1220,1510,2070,2480,2013,Contra Costa County
661,56,94518,1390,1640,2210,2580,2011,Contra Costa County
662,59,94518,1350,1660,2220,2580,2016,Contra Costa County
663,55,94518,1340,1650,2260,2710,2015,Contra Costa County
664,59,94518,1860,2340,3230,3970,2018,Contra Costa County
665,58,94904,1430,1770,2420,2910,2014,Marin County
666,60,94904,2160,2640,3540,4220,2017,Marin County
667,57,94904,1490,1760,2390,2960,2012,Marin County
668,61,94904,2300,2870,3740,3980,2019,Marin County
669,57,94904,1380,1700,2330,2790,2013,Marin County
670,57,94904,1500,1760,2370,2770,2011,Marin County
671,60,94904,1660,2040,2730,3170,2016,Marin County
672,56,94904,1510,1860,2550,3050,2015,Marin County
673,60,94904,2550,3180,4150,4420,2018,Marin County
674,59,94115,1430,1760,2410,2890,2014,San Francisco County
675,61,94115,2160,2640,3540,4220,2017,San Francisco County
676,58,94115,1450,1720,2330,2890,2012,San Francisco County
677,62,94115,2580,3190,4180,4420,2019,San Francisco County
678,58,94115,1370,1690,2310,2780,2013,San Francisco County
679,58,94115,1460,1720,2310,2710,2011,San Francisco County
680,61,94115,1600,1960,2630,3050,2016,San Francisco County
681,57,94115,1500,1850,2530,3040,2015,San Francisco County
682,61,94115,2820,3520,4590,4890,2018,San Francisco County
683,60,94549,1390,1710,2340,2810,2014,Contra Costa County
684,62,94549,2200,2690,3600,4300,2017,Contra Costa County
685,59,94549,1470,1740,2360,2920,2012,Contra Costa County
686,63,94549,2090,2600,3580,4390,2019,Contra Costa County
687,59,94549,1340,1650,2260,2710,2013,Contra Costa County
688,59,94549,1480,1740,2340,2740,2011,Contra Costa County
689,62,94549,1610,1970,2640,3060,2016,Contra Costa County
690,58,94549,1460,1800,2460,2960,2015,Contra Costa County
691,62,94549,2240,2820,3890,4770,2018,Contra Costa County
692,61,94517,1600,1980,2710,3250,2014,Contra Costa County
693,63,94517,2670,3260,4370,5220,2017,Contra Costa County
694,60,94517,1610,1910,2590,3210,2012,Contra Costa County
695,64,94517,2540,3160,4350,5330,2019,Contra Costa County
696,60,94517,1540,1900,2600,3120,2013,Contra Costa County
697,60,94517,1300,1530,2060,2410,2011,Contra Costa County
698,63,94517,2140,2630,3520,4090,2016,Contra Costa County
699,59,94517,1680,2080,2850,3420,2015,Contra Costa County
700,63,94517,2780,3490,4830,5920,2018,Contra Costa County
701,62,94805,1210,1500,2050,2460,2014,Contra Costa County
702,64,94805,1670,2040,2730,3260,2017,Contra Costa County
703,61,94805,1250,1480,2010,2480,2012,Contra Costa County
704,65,94805,1670,2100,2900,3560,2019,Contra Costa County
705,61,94805,1170,1440,1970,2360,2013,Contra Costa County
706,61,94805,1260,1480,1990,2330,2011,Contra Costa County
707,64,94805,1230,1510,2020,2350,2016,Contra Costa County
708,60,94805,1280,1580,2160,2590,2015,Contra Costa County
709,64,94805,1680,2110,2920,3580,2018,Contra Costa County
710,63,94804,1090,1350,1850,2220,2014,Contra Costa County
711,65,94804,1640,2000,2680,3200,2017,Contra Costa County
712,62,94804,1160,1370,1860,2300,2012,Contra Costa County
713,66,94804,1670,2100,2900,3560,2019,Contra Costa County
714,62,94804,1050,1300,1780,2140,2013,Contra Costa County
715,62,94804,1190,1400,1880,2200,2011,Contra Costa County
716,65,94804,1200,1470,1970,2280,2016,Contra Costa County
717,61,94804,1150,1420,1940,2330,2015,Contra Costa County
718,65,94804,1620,2030,2800,3440,2018,Contra Costa County
719,64,94939,1430,1760,2410,2890,2014,Marin County
720,66,94939,2320,2830,3790,4530,2017,Marin County
721,63,94939,1510,1790,2430,3010,2012,Marin County
722,67,94939,2500,3120,4060,4330,2019,Marin County
723,63,94939,1370,1690,2310,2780,2013,Marin County
724,63,94939,1510,1780,2390,2800,2011,Marin County
725,66,94939,1740,2140,2870,3320,2016,Marin County
726,62,94939,1500,1850,2530,3040,2015,Marin County
727,66,94939,2770,3460,4510,4810,2018,Marin County
728,65,94964,1460,1800,2460,2960,2014,Marin County
729,67,94964,2140,2610,3500,4180,2017,Marin County
730,64,94964,1710,2030,2750,3410,2012,Marin County
731,68,94964,2290,2860,3730,3970,2019,Marin County
732,64,94964,1400,1730,2370,2840,2013,Marin County
733,64,94964,1550,1820,2450,2860,2011,Marin County
734,67,94964,1640,2010,2690,3120,2016,Marin County
735,63,94964,1530,1890,2590,3100,2015,Marin County
736,67,94964,2540,3170,4140,4410,2018,Marin County
737,66,94530,1250,1540,2110,2530,2014,Contra Costa County
738,68,94530,1930,2360,3160,3780,2017,Contra Costa County
739,65,94530,1350,1600,2170,2690,2012,Contra Costa County
740,69,94530,1840,2310,3190,3910,2019,Contra Costa County
741,65,94530,1200,1480,2030,2430,2013,Contra Costa County
742,65,94530,1350,1590,2140,2500,2011,Contra Costa County
743,68,94530,1400,1720,2310,2670,2016,Contra Costa County
744,64,94530,1320,1630,2230,2680,2015,Contra Costa County
745,68,94530,2040,2560,3540,4340,2018,Contra Costa County
746,67,94925,1660,2050,2810,3370,2014,Marin County
747,69,94925,2030,2480,3320,3970,2017,Marin County
748,66,94925,1800,2130,2890,3580,2012,Marin County
749,70,94925,2350,2910,3810,4030,2019,Marin County
750,66,94925,1600,1970,2700,3240,2013,Marin County
751,66,94925,1550,1820,2450,2860,2011,Marin County
752,69,94925,1610,1980,2650,3080,2016,Marin County
753,65,94925,1750,2160,2960,3550,2015,Marin County
754,69,94925,2470,3090,4030,4350,2018,Marin County
755,68,94596,1210,1490,2040,2450,2014,Contra Costa County
756,70,94596,1840,2250,3010,3600,2017,Contra Costa County
757,67,94596,1260,1490,2020,2500,2012,Contra Costa County
758,71,94596,2000,2490,3430,4200,2019,Contra Costa County
759,67,94596,1160,1430,1960,2350,2013,Contra Costa County
760,67,94596,1260,1480,1990,2330,2011,Contra Costa County
761,70,94596,1320,1620,2170,2520,2016,Contra Costa County
762,66,94596,1270,1570,2150,2580,2015,Contra Costa County
763,70,94596,2150,2700,3730,4570,2018,Contra Costa County
764,69,94708,1670,2060,2820,3380,2014,Alameda County
768,71,94708,2520,3080,4130,4930,2017,Alameda County
770,68,94708,1700,2020,2740,3390,2012,Alameda County
774,72,94708,2540,3160,4350,5330,2019,Alameda County
776,68,94708,1600,1980,2710,3250,2013,Alameda County
780,68,94708,1230,1450,1950,2280,2011,Alameda County
784,71,94708,1830,2250,3020,3500,2016,Alameda County
788,67,94708,1760,2170,2970,3560,2015,Alameda County
792,71,94708,2780,3490,4820,5910,2018,Alameda County
794,71,94105,1320,1630,2230,2680,2014,San Francisco County
795,72,94105,3710,4530,6070,7250,2017,San Francisco County
796,70,94105,1380,1630,2210,2740,2012,San Francisco County
797,73,94105,3400,4220,5520,5850,2019,San Francisco County
798,70,94105,1270,1570,2150,2580,2013,San Francisco County
799,70,94105,1380,1620,2180,2550,2011,San Francisco County
800,73,94105,2140,2630,3520,4090,2016,San Francisco County
801,69,94105,1390,1720,2360,2820,2015,San Francisco County
802,72,94105,3750,4680,6100,6500,2018,San Francisco County
803,72,94941,1590,1960,2680,3220,2014,Marin County
804,73,94941,2300,2810,3760,4500,2017,Marin County
805,71,94941,1640,1940,2630,3260,2012,Marin County
806,74,94941,2300,2870,3740,3980,2019,Marin County
807,71,94941,1520,1880,2570,3090,2013,Marin County
808,71,94941,1650,1940,2610,3050,2011,Marin County
809,74,94941,1790,2190,2940,3400,2016,Marin County
810,70,94941,1670,2060,2820,3380,2015,Marin County
811,73,94941,2550,3180,4150,4420,2018,Marin County
812,73,94563,1210,1500,2050,2460,2014,Contra Costa County
813,74,94563,2670,3260,4370,5220,2017,Contra Costa County
814,72,94563,1290,1530,2070,2570,2012,Contra Costa County
815,75,94563,2540,3160,4350,5330,2019,Contra Costa County
816,72,94563,1170,1440,1970,2360,2013,Contra Costa County
817,72,94563,1300,1530,2060,2410,2011,Contra Costa County
818,75,94563,2140,2630,3520,4090,2016,Contra Costa County
819,71,94563,1280,1580,2160,2590,2015,Contra Costa County
820,74,94563,2780,3490,4830,5920,2018,Contra Costa County
821,74,94720,910,1120,1530,1840,2014,Alameda County
822,75,94720,1530,1870,2510,2990,2017,Alameda County
823,73,94720,890,1060,1440,1780,2012,Alameda County
824,76,94720,1670,2100,2900,3560,2019,Alameda County
825,73,94720,870,1080,1480,1770,2013,Alameda County
826,73,94720,1190,1400,1880,2200,2011,Alameda County
827,76,94720,1080,1330,1780,2070,2016,Alameda County
828,72,94720,960,1180,1620,1940,2015,Alameda County
829,75,94720,1830,2290,3170,3890,2018,Alameda County
830,75,94707,1730,2140,2930,3510,2014,Alameda County
834,76,94707,2370,2890,3870,4620,2017,Alameda County
836,74,94707,1680,1990,2700,3340,2012,Alameda County
840,77,94707,2080,2610,3600,4410,2019,Alameda County
842,74,94707,1660,2050,2810,3370,2013,Alameda County
846,74,94707,1690,1990,2680,3130,2011,Alameda County
850,77,94707,1750,2150,2880,3340,2016,Alameda County
854,73,94707,1820,2250,3080,3700,2015,Alameda County
858,76,94707,2310,2890,4000,4900,2018,Alameda County
860,77,94514,1240,1530,2100,2510,2014,Alameda County
864,77,94514,1880,2300,3080,3680,2017,Alameda County
866,76,94514,1290,1530,2070,2570,2012,Alameda County
870,78,94514,1680,2100,2900,3560,2019,Alameda County
872,76,94514,1190,1470,2010,2410,2013,Alameda County
876,76,94514,1290,1520,2040,2390,2011,Alameda County
880,79,94514,1390,1710,2290,2660,2016,Alameda County
884,75,94514,1300,1610,2200,2640,2015,Alameda County
888,77,94514,1860,2330,3220,3950,2018,Alameda County
890,79,94970,1460,1800,2460,2960,2014,Marin County
891,78,94970,3710,4530,6070,7250,2017,Marin County
892,78,94970,1540,1820,2470,3060,2012,Marin County
893,79,94970,3400,4220,5520,5850,2019,Marin County
894,78,94970,1400,1730,2370,2840,2013,Marin County
895,78,94970,1550,1820,2450,2860,2011,Marin County
896,81,94970,2140,2630,3520,4090,2016,Marin County
897,77,94970,1530,1890,2590,3100,2015,Marin County
898,78,94970,3750,4680,6100,6500,2018,Marin County
899,80,94706,1300,1600,2190,2630,2014,Alameda County
900,79,94706,2150,2620,3510,4190,2017,Alameda County
901,79,94706,1410,1670,2260,2800,2012,Alameda County
903,80,94706,2170,2720,3770,4610,2019,Alameda County
904,79,94706,1250,1540,2110,2530,2013,Alameda County
905,79,94706,1420,1670,2250,2630,2011,Alameda County
906,82,94706,1530,1880,2520,2920,2016,Alameda County
907,78,94706,1370,1690,2310,2780,2015,Alameda County
908,79,94706,2410,3020,4180,5120,2018,Alameda County
909,81,94710,1040,1280,1750,2100,2014,Alameda County
910,80,94710,1770,2160,2890,3460,2017,Alameda County
911,81,94710,980,1160,1570,1950,2012,Alameda County
912,81,94710,1670,2100,2900,3560,2019,Alameda County
913,80,94710,1000,1230,1680,2020,2013,Alameda County
914,80,94710,1220,1430,1920,2250,2011,Alameda County
915,83,94710,1250,1530,2050,2380,2016,Alameda County
916,79,94710,1090,1350,1850,2220,2015,Alameda County
917,80,94710,1800,2260,3120,3830,2018,Alameda County
918,82,94104,1320,1630,2230,2680,2014,San Francisco County
919,81,94104,2060,2520,3380,4030,2017,San Francisco County
920,82,94104,1380,1630,2210,2740,2012,San Francisco County
921,82,94104,2250,2810,3670,3920,2019,San Francisco County
922,81,94104,1270,1570,2150,2580,2013,San Francisco County
923,81,94104,1380,1620,2180,2550,2011,San Francisco County
924,84,94104,1580,1940,2600,3010,2016,San Francisco County
925,80,94104,1390,1720,2360,2820,2015,San Francisco County
926,81,94104,2480,3090,4030,4350,2018,San Francisco County
927,83,94595,1280,1580,2160,2590,2014,Contra Costa County
928,82,94595,1870,2280,3050,3650,2017,Contra Costa County
929,83,94595,1370,1620,2200,2720,2012,Contra Costa County
930,83,94595,1680,2100,2900,3560,2019,Contra Costa County
931,82,94595,1230,1520,2080,2500,2013,Contra Costa County
932,82,94595,1380,1620,2180,2550,2011,Contra Costa County
933,85,94595,1380,1690,2260,2630,2016,Contra Costa County
934,81,94595,1340,1660,2270,2730,2015,Contra Costa County
935,82,94595,1860,2330,3220,3950,2018,Contra Costa County
936,84,94709,1260,1550,2120,2550,2014,Alameda County
937,83,94709,1890,2310,3090,3700,2017,Alameda County
938,84,94709,1270,1510,2050,2540,2012,Alameda County
939,84,94709,1960,2440,3360,4120,2019,Alameda County
940,83,94709,1210,1490,2040,2450,2013,Alameda County
941,83,94709,1280,1510,2030,2380,2011,Alameda County
942,86,94709,1360,1670,2240,2590,2016,Alameda County
943,82,94709,1330,1640,2250,2690,2015,Alameda County
944,83,94709,2130,2680,3700,4530,2018,Alameda County
945,85,94703,1150,1420,1940,2330,2014,Alameda County
946,84,94703,1810,2210,2960,3540,2017,Alameda County
947,85,94703,1170,1390,1880,2330,2012,Alameda County
948,85,94703,1880,2340,3220,3950,2019,Alameda County
949,84,94703,1110,1370,1880,2250,2013,Alameda County
950,84,94703,1190,1400,1880,2200,2011,Alameda County
951,87,94703,1290,1580,2120,2450,2016,Alameda County
952,83,94703,1210,1500,2050,2460,2015,Alameda County
953,84,94703,2040,2570,3550,4350,2018,Alameda County
954,86,94704,1120,1380,1890,2270,2014,Alameda County
955,85,94704,1830,2230,2990,3570,2017,Alameda County
956,86,94704,1130,1340,1820,2250,2012,Alameda County
957,86,94704,2220,2790,3840,4710,2019,Alameda County
958,85,94704,1070,1320,1810,2170,2013,Alameda County
959,85,94704,1190,1400,1880,2200,2011,Alameda County
960,88,94704,1300,1600,2140,2490,2016,Alameda County
961,84,94704,1170,1450,1990,2380,2015,Alameda County
962,85,94704,2460,3090,4260,5230,2018,Alameda County
963,87,94507,1210,1500,2050,2460,2014,Contra Costa County
964,86,94507,2670,3260,4370,5220,2017,Contra Costa County
965,87,94507,1290,1530,2070,2570,2012,Contra Costa County
966,87,94507,2540,3160,4350,5330,2019,Contra Costa County
967,86,94507,1170,1440,1970,2360,2013,Contra Costa County
968,86,94507,1300,1530,2060,2410,2011,Contra Costa County
969,89,94507,2140,2630,3520,4090,2016,Contra Costa County
970,85,94507,1280,1580,2160,2590,2015,Contra Costa County
971,86,94507,2780,3490,4830,5920,2018,Contra Costa County
972,88,94702,1020,1260,1730,2070,2014,Alameda County
973,87,94702,1660,2030,2720,3250,2017,Alameda County
974,88,94702,1090,1290,1750,2170,2012,Alameda County
975,88,94702,2010,2500,3440,4220,2019,Alameda County
976,87,94702,990,1220,1670,2000,2013,Alameda County
977,87,94702,1190,1400,1880,2200,2011,Alameda County
978,90,94702,1160,1420,1900,2210,2016,Alameda County
979,86,94702,1080,1330,1820,2180,2015,Alameda County
980,87,94702,2060,2590,3570,4380,2018,Alameda County
981,89,94965,1760,2170,2970,3560,2014,Marin County
982,88,94965,2410,2940,3940,4700,2017,Marin County
983,89,94965,1760,2090,2830,3510,2012,Marin County
984,89,94965,2520,3140,4090,4360,2019,Marin County
985,88,94965,1690,2090,2860,3430,2013,Marin County
986,88,94965,1780,2090,2810,3290,2011,Marin County
987,91,94965,1870,2290,3070,3560,2016,Marin County
988,87,94965,1850,2290,3140,3760,2015,Marin County
989,88,94965,2790,3480,4540,4840,2018,Marin County
990,90,94556,1560,1930,2640,3170,2014,Contra Costa County
991,89,94556,2440,2980,3990,4770,2017,Contra Costa County
992,90,94556,1740,2060,2790,3460,2012,Contra Costa County
993,90,94556,2200,2770,3820,4680,2019,Contra Costa County
994,89,94556,1500,1850,2530,3040,2013,Contra Costa County
995,89,94556,1300,1530,2060,2410,2011,Contra Costa County
996,92,94556,1760,2160,2890,3360,2016,Contra Costa County
997,88,94556,1640,2030,2780,3330,2015,Contra Costa County
998,89,94556,2440,3070,4240,5200,2018,Contra Costa County
999,91,94920,1460,1800,2460,2960,2014,Marin County
1000,90,94920,3710,4530,6070,7250,2017,Marin County
1001,91,94920,1540,1820,2470,3060,2012,Marin County
1002,91,94920,3380,4220,5490,5850,2019,Marin County
1003,90,94920,1400,1730,2370,2840,2013,Marin County
1004,90,94920,1550,1820,2450,2860,2011,Marin County
1005,93,94920,2140,2630,3520,4090,2016,Marin County
1006,89,94920,1530,1890,2590,3100,2015,Marin County
1007,90,94920,3750,4680,6100,6500,2018,Marin County
1008,92,94118,1340,1660,2270,2730,2014,San Francisco County
1009,91,94118,2100,2560,3430,4100,2017,San Francisco County
1010,92,94118,1410,1670,2260,2800,2012,San Francisco County
1011,92,94118,2340,2910,3800,4050,2019,San Francisco County
1012,91,94118,1290,1590,2180,2610,2013,San Francisco County
1013,91,94118,1420,1670,2250,2630,2011,San Francisco County
1014,94,94118,1570,1920,2570,2980,2016,San Francisco County
1015,90,94118,1420,1750,2400,2870,2015,San Francisco County
1016,91,94118,2590,3230,4220,4490,2018,San Francisco County
1017,93,94705,1110,1370,1880,2250,2014,Alameda County
1018,92,94705,1810,2210,2960,3540,2017,Alameda County
1019,93,94705,1160,1370,1860,2300,2012,Alameda County
1020,93,94705,1890,2350,3240,3980,2019,Alameda County
1021,92,94705,1070,1320,1810,2170,2013,Alameda County
1022,92,94705,1190,1400,1880,2200,2011,Alameda County
1023,95,94705,1280,1570,2100,2440,2016,Alameda County
1024,91,94705,1170,1450,1990,2380,2015,Alameda County
1025,92,94705,2080,2610,3600,4420,2018,Alameda County
1026,94,94611,1030,1270,1740,2090,2014,Alameda County
1028,93,94611,1650,2010,2690,3220,2017,Alameda County
1030,94,94611,1110,1310,1780,2200,2012,Alameda County
1034,94,94611,1880,2340,3240,3960,2019,Alameda County
1036,93,94611,990,1220,1670,2000,2013,Alameda County
1038,93,94611,1190,1400,1880,2200,2011,Alameda County
1040,96,94611,1170,1440,1930,2240,2016,Alameda County
1044,92,94611,1090,1340,1830,2200,2015,Alameda County
1046,93,94611,2070,2600,3590,4400,2018,Alameda County
1048,95,94618,1440,1780,2440,2920,2014,Alameda County
1049,94,94618,2190,2670,3580,4270,2017,Alameda County
1050,96,94618,1430,1690,2290,2840,2012,Alameda County
1051,95,94618,1970,2460,3410,4170,2019,Alameda County
1052,94,94618,1390,1710,2340,2810,2013,Alameda County
1053,94,94618,1440,1690,2270,2660,2011,Alameda County
1054,98,94618,1610,1980,2650,3080,2016,Alameda County
1055,93,94618,1510,1870,2560,3070,2015,Alameda County
1056,94,94618,2180,2730,3780,4630,2018,Alameda County
1057,96,94609,980,1210,1660,1990,2014,Alameda County
1058,95,94609,1570,1920,2570,3070,2017,Alameda County
1059,97,94609,1000,1190,1610,2000,2012,Alameda County
1060,96,94609,1810,2250,3110,3800,2019,Alameda County
1061,95,94609,940,1160,1590,1910,2013,Alameda County
1062,95,94609,1190,1400,1880,2200,2011,Alameda County
1063,99,94609,1130,1380,1850,2140,2016,Alameda County
1064,94,94609,1030,1270,1740,2090,2015,Alameda County
1065,95,94609,1990,2490,3450,4220,2018,Alameda County
1066,97,94550,1220,1510,2070,2480,2014,Alameda County
1070,96,94550,1970,2410,3230,3860,2017,Alameda County
1074,98,94550,1320,1560,2120,2620,2012,Alameda County
1078,97,94550,1860,2320,3190,3910,2019,Alameda County
1084,96,94550,1170,1450,1990,2380,2013,Alameda County
1088,96,94550,1330,1560,2100,2450,2011,Alameda County
1092,100,94550,1410,1730,2320,2690,2016,Alameda County
1096,95,94550,1290,1590,2180,2610,2015,Alameda County
1100,96,94550,2030,2550,3530,4320,2018,Alameda County
1106,99,94608,1170,1440,1970,2360,2014,Alameda County
1107,98,94608,1860,2270,3040,3630,2017,Alameda County
1108,100,94608,1270,1510,2050,2540,2012,Alameda County
1109,100,94608,1800,2260,3130,3830,2019,Alameda County
1110,98,94608,1130,1390,1900,2280,2013,Alameda County
1111,98,94608,1280,1510,2030,2380,2011,Alameda County
1112,102,94608,1350,1650,2210,2560,2016,Alameda County
1113,97,94608,1230,1520,2080,2500,2015,Alameda County
1114,99,94608,2000,2510,3470,4250,2018,Alameda County
1115,100,94528,1210,1500,2050,2460,2014,Contra Costa County
1116,99,94528,1890,2310,3090,3700,2017,Contra Costa County
1117,101,94528,1290,1530,2070,2570,2012,Contra Costa County
1118,101,94528,1740,2170,2990,3670,2019,Contra Costa County
1119,99,94528,1170,1440,1970,2360,2013,Contra Costa County
1120,103,94528,1370,1680,2250,2610,2016,Contra Costa County
1121,98,94528,1280,1580,2160,2590,2015,Contra Costa County
1122,100,94528,1910,2400,3320,4070,2018,Contra Costa County
1123,101,94526,1210,1500,2050,2460,2014,Contra Costa County
1124,100,94526,2670,3260,4370,5220,2017,Contra Costa County
1125,102,94526,1290,1530,2070,2570,2012,Contra Costa County
1126,102,94526,2540,3160,4350,5330,2019,Contra Costa County
1127,100,94526,1170,1440,1970,2360,2013,Contra Costa County
1128,99,94526,1300,1530,2060,2410,2011,Contra Costa County
1129,104,94526,2140,2630,3520,4090,2016,Contra Costa County
1130,99,94526,1280,1580,2160,2590,2015,Contra Costa County
1131,101,94526,2780,3490,4830,5920,2018,Contra Costa County
1132,102,94506,1210,1500,2050,2460,2014,Contra Costa County
1133,101,94506,2670,3260,4370,5220,2017,Contra Costa County
1134,103,94506,1290,1530,2070,2570,2012,Contra Costa County
1135,103,94506,2540,3160,4350,5330,2019,Contra Costa County
1136,101,94506,1170,1440,1970,2360,2013,Contra Costa County
1137,100,94506,1300,1530,2060,2410,2011,Contra Costa County
1138,105,94506,2140,2630,3520,4090,2016,Contra Costa County
1139,100,94506,1280,1580,2160,2590,2015,Contra Costa County
1140,102,94506,2780,3490,4830,5920,2018,Contra Costa County
1141,103,94130,1320,1630,2230,2680,2014,San Francisco County
1142,102,94130,2360,2880,3860,4610,2017,San Francisco County
1143,104,94130,1380,1630,2210,2740,2012,San Francisco County
1144,104,94130,2580,3190,4180,4420,2019,San Francisco County
1145,102,94130,1270,1570,2150,2580,2013,San Francisco County
1146,101,94130,1380,1620,2180,2550,2011,San Francisco County
1147,106,94130,1840,2260,3030,3510,2016,San Francisco County
1148,101,94130,1390,1720,2360,2820,2015,San Francisco County
1149,103,94130,2790,3480,4540,4830,2018,San Francisco County
1150,104,94607,940,1160,1590,1910,2014,Alameda County
1151,103,94607,1500,1830,2450,2930,2017,Alameda County
1152,105,94607,990,1170,1590,1960,2012,Alameda County
1153,105,94607,1670,2100,2900,3560,2019,Alameda County
1154,103,94607,900,1110,1520,1820,2013,Alameda County
1155,102,94607,1190,1400,1880,2200,2011,Alameda County
1156,107,94607,1040,1280,1720,1990,2016,Alameda County
1157,102,94607,990,1220,1670,2000,2015,Alameda County
1158,104,94607,1700,2130,2950,3610,2018,Alameda County
1159,105,94123,1630,2010,2750,3300,2014,San Francisco County
1160,104,94123,2370,2900,3890,4640,2017,San Francisco County
1161,106,94123,1760,2080,2820,3490,2012,San Francisco County
1162,106,94123,3100,3840,5030,5340,2019,San Francisco County
1163,104,94123,1560,1930,2640,3170,2013,San Francisco County
1164,103,94123,1770,2080,2800,3270,2011,San Francisco County
1165,108,94123,1790,2200,2950,3420,2016,San Francisco County
1166,103,94123,1720,2120,2900,3480,2015,San Francisco County
1167,105,94123,3420,4260,5560,5930,2018,San Francisco County
1168,106,94610,1080,1330,1820,2180,2014,Alameda County
1169,105,94610,1670,2040,2730,3260,2017,Alameda County
1170,107,94610,1140,1350,1830,2270,2012,Alameda County
1171,107,94610,1970,2460,3380,4150,2019,Alameda County
1172,105,94610,1030,1270,1740,2090,2013,Alameda County
1173,104,94610,1190,1400,1880,2200,2011,Alameda County
1174,109,94610,1210,1480,1980,2300,2016,Alameda County
1175,104,94610,1130,1400,1920,2300,2015,Alameda County
1176,106,94610,2150,2690,3720,4560,2018,Alameda County
1177,107,94583,1470,1820,2490,2990,2014,Contra Costa County
1178,106,94583,2320,2830,3790,4530,2017,Contra Costa County
1179,108,94583,1570,1860,2520,3120,2012,Contra Costa County
1180,108,94583,2200,2740,3770,4620,2019,Contra Costa County
1181,106,94583,1420,1750,2400,2870,2013,Contra Costa County
1182,105,94583,1580,1860,2500,2930,2011,Contra Costa County
1183,110,94583,1680,2060,2760,3200,2016,Contra Costa County
1184,105,94583,1560,1920,2630,3150,2015,Contra Costa County
1185,107,94583,2380,2990,4130,5060,2018,Contra Costa County
1186,108,94602,1000,1240,1700,2040,2014,Alameda County
1187,107,94602,1600,1950,2610,3120,2017,Alameda County
1188,109,94602,1090,1290,1750,2170,2012,Alameda County
1189,109,94602,1670,2100,2900,3560,2019,Alameda County
1190,107,94602,960,1190,1630,1950,2013,Alameda County
1191,106,94602,1190,1400,1880,2200,2011,Alameda County
1192,111,94602,1160,1420,1900,2210,2016,Alameda County
1193,106,94602,1060,1310,1790,2150,2015,Alameda County
1194,108,94602,1720,2160,2980,3660,2018,Alameda County
1195,109,94612,830,1030,1410,1690,2014,Alameda County
1196,108,94612,1330,1630,2180,2610,2017,Alameda County
1197,110,94612,870,1030,1400,1730,2012,Alameda County
1198,110,94612,1670,2100,2900,3560,2019,Alameda County
1199,108,94612,800,990,1360,1630,2013,Alameda County
1200,107,94612,1190,1400,1880,2200,2011,Alameda County
1201,112,94612,940,1150,1540,1790,2016,Alameda County
1202,107,94612,880,1090,1490,1790,2015,Alameda County
1203,109,94612,1830,2300,3180,3900,2018,Alameda County
1204,110,94546,1160,1430,1960,2350,2014,Alameda County
1205,109,94546,1820,2220,2970,3550,2017,Alameda County
1206,111,94546,1210,1430,1940,2400,2012,Alameda County
1207,111,94546,1800,2250,3110,3810,2019,Alameda County
1208,109,94546,1110,1370,1880,2250,2013,Alameda County
1209,108,94546,1220,1430,1920,2250,2011,Alameda County
1210,113,94546,1310,1610,2160,2500,2016,Alameda County
1211,108,94546,1210,1500,2050,2460,2015,Alameda County
1212,110,94546,1990,2500,3450,4230,2018,Alameda County
1213,111,94133,1330,1640,2250,2690,2014,San Francisco County
1214,110,94133,2030,2480,3320,3970,2017,San Francisco County
1215,112,94133,1350,1600,2170,2690,2012,San Francisco County
1216,112,94133,2250,2810,3670,3920,2019,San Francisco County
1217,110,94133,1270,1570,2150,2580,2013,San Francisco County
1218,109,94133,1350,1590,2140,2500,2011,San Francisco County
1219,114,94133,1520,1860,2490,2890,2016,San Francisco County
1220,109,94133,1390,1720,2360,2820,2015,San Francisco County
1221,111,94133,2260,2820,3680,4350,2018,San Francisco County
1222,112,94129,1320,1630,2230,2680,2014,San Francisco County
1223,111,94129,3610,4410,5910,7060,2017,San Francisco County
1224,113,94129,1380,1630,2210,2740,2012,San Francisco County
1225,113,94129,3400,4220,5520,5850,2019,San Francisco County
1226,111,94129,1270,1570,2150,2580,2013,San Francisco County
1227,110,94129,1380,1620,2180,2550,2011,San Francisco County
1228,115,94129,2140,2630,3520,4090,2016,San Francisco County
1229,110,94129,1390,1720,2360,2820,2015,San Francisco County
1230,112,94129,3750,4680,6100,6500,2018,San Francisco County
1231,113,94606,910,1120,1530,1840,2014,Alameda County
1232,112,94606,1390,1700,2280,2720,2017,Alameda County
1233,114,94606,980,1160,1570,1950,2012,Alameda County
1234,114,94606,1670,2100,2900,3560,2019,Alameda County
1235,112,94606,870,1080,1480,1770,2013,Alameda County
1236,111,94606,1190,1400,1880,2200,2011,Alameda County
1237,116,94606,1020,1250,1680,1940,2016,Alameda County
1238,111,94606,960,1180,1620,1940,2015,Alameda County
1239,113,94606,1630,2050,2830,3470,2018,Alameda County
1240,114,94111,1320,1630,2230,2680,2014,San Francisco County
1241,113,94111,3710,4530,6070,7250,2017,San Francisco County
1242,115,94111,1380,1630,2210,2740,2012,San Francisco County
1243,115,94111,3380,4220,5490,5850,2019,San Francisco County
1244,113,94111,1270,1570,2150,2580,2013,San Francisco County
1245,112,94111,1380,1620,2180,2550,2011,San Francisco County
1246,117,94111,2140,2630,3520,4090,2016,San Francisco County
1247,112,94111,1390,1720,2360,2820,2015,San Francisco County
1248,114,94111,3750,4680,6100,6500,2018,San Francisco County
1249,115,94619,1000,1230,1680,2020,2014,Alameda County
1250,114,94619,1710,2090,2800,3340,2017,Alameda County
1251,116,94619,1030,1220,1650,2050,2012,Alameda County
1252,116,94619,1680,2100,2900,3560,2019,Alameda County
1253,114,94619,960,1180,1620,1940,2013,Alameda County
1254,113,94619,1190,1400,1880,2200,2011,Alameda County
1255,118,94619,1170,1440,1930,2240,2016,Alameda County
1256,113,94619,1040,1290,1770,2120,2015,Alameda County
1257,115,94619,1790,2250,3110,3820,2018,Alameda County
1258,116,94121,1340,1660,2270,2730,2014,San Francisco County
1259,115,94121,1970,2400,3220,3840,2017,San Francisco County
1260,117,94121,1410,1670,2260,2800,2012,San Francisco County
1261,117,94121,2280,2840,3700,3950,2019,San Francisco County
1262,115,94121,1290,1590,2180,2610,2013,San Francisco County
1263,114,94121,1420,1670,2250,2630,2011,San Francisco County
1264,119,94121,1510,1850,2480,2870,2016,San Francisco County
1265,114,94121,1410,1740,2380,2860,2015,San Francisco County
1266,116,94121,2530,3150,4110,4380,2018,San Francisco County
1267,117,94102,880,1090,1490,1790,2014,San Francisco County
1268,116,94102,1380,1690,2260,2700,2017,San Francisco County
1269,118,94102,930,1100,1490,1850,2012,San Francisco County
1270,118,94102,2250,2810,3670,3920,2019,San Francisco County
1271,116,94102,850,1050,1440,1720,2013,San Francisco County
1272,115,94102,1190,1400,1880,2200,2011,San Francisco County
1273,120,94102,1030,1260,1690,1960,2016,San Francisco County
1274,115,94102,930,1150,1570,1890,2015,San Francisco County
1275,117,94102,2170,2720,3530,4350,2018,San Francisco County
1276,118,94552,1130,1400,1920,2300,2014,Alameda County
1277,117,94552,2670,3260,4370,5220,2017,Alameda County
1278,119,94552,1820,2160,2930,3630,2012,Alameda County
1279,119,94552,2540,3160,4350,5330,2019,Alameda County
1280,117,94552,1090,1350,1850,2220,2013,Alameda County
1281,116,94552,1220,1430,1920,2250,2011,Alameda County
1282,121,94552,2140,2630,3520,4090,2016,Alameda County
1283,116,94552,1200,1480,2030,2430,2015,Alameda County
1284,118,94552,2780,3490,4830,5920,2018,Alameda County
1285,119,94501,1180,1460,2000,2400,2014,Alameda County
1286,118,94501,1830,2230,2990,3570,2017,Alameda County
1287,120,94501,1250,1480,2010,2480,2012,Alameda County
1288,120,94501,1910,2400,3320,4060,2019,Alameda County
1289,118,94501,1130,1400,1920,2300,2013,Alameda County
1290,117,94501,1250,1470,1980,2310,2011,Alameda County
1291,122,94501,1320,1620,2170,2520,2016,Alameda County
1292,117,94501,1240,1530,2100,2510,2015,Alameda County
1293,119,94501,2120,2660,3680,4510,2018,Alameda County
1294,120,94108,950,1170,1600,1920,2014,San Francisco County
1295,119,94108,1560,1910,2560,3060,2017,San Francisco County
1296,121,94108,1000,1190,1610,2000,2012,San Francisco County
1297,121,94108,2250,2810,3670,3920,2019,San Francisco County
1298,119,94108,910,1120,1530,1840,2013,San Francisco County
1299,118,94108,1190,1400,1880,2200,2011,San Francisco County
1300,123,94108,1160,1420,1900,2210,2016,San Francisco County
1301,118,94108,1000,1230,1680,2020,2015,San Francisco County
1302,120,94108,2170,2720,3530,4350,2018,San Francisco County
1303,121,94605,1050,1300,1780,2140,2014,Alameda County
1304,120,94605,1580,1930,2590,3090,2017,Alameda County
1305,122,94605,1130,1340,1820,2250,2012,Alameda County
1306,122,94605,1670,2100,2900,3560,2019,Alameda County
1307,120,94605,1010,1250,1710,2050,2013,Alameda County
1308,119,94605,1190,1400,1880,2200,2011,Alameda County
1309,124,94605,1140,1400,1880,2180,2016,Alameda County
1310,119,94605,1110,1370,1880,2250,2015,Alameda County
1311,121,94605,1630,2050,2830,3470,2018,Alameda County
1312,122,94613,1130,1400,1920,2300,2014,Alameda County
1313,121,94613,1790,2190,2930,3500,2017,Alameda County
1314,123,94613,1210,1430,1940,2400,2012,Alameda County
1315,123,94613,1670,2100,2900,3560,2019,Alameda County
1316,121,94613,1090,1350,1850,2220,2013,Alameda County
1317,125,94613,1300,1600,2140,2490,2016,Alameda County
1318,120,94613,1200,1480,2030,2430,2015,Alameda County
1319,122,94613,1830,2290,3170,3890,2018,Alameda County
1320,123,94117,1470,1820,2490,2990,2014,San Francisco County
1321,122,94117,2250,2750,3680,4400,2017,San Francisco County
1322,124,94117,1510,1790,2430,3010,2012,San Francisco County
1323,124,94117,2640,3290,4290,4570,2019,San Francisco County
1324,122,94117,1420,1750,2400,2870,2013,San Francisco County
1325,120,94117,1520,1790,2410,2820,2011,San Francisco County
1326,126,94117,1700,2090,2800,3250,2016,San Francisco County
1327,121,94117,1560,1920,2630,3150,2015,San Francisco County
1328,123,94117,2920,3650,4760,5070,2018,San Francisco County
1329,124,94122,1370,1690,2310,2780,2014,San Francisco County
1330,123,94122,2140,2610,3500,4180,2017,San Francisco County
1331,125,94122,1470,1740,2360,2920,2012,San Francisco County
1332,125,94122,2290,2860,3720,3960,2019,San Francisco County
1333,123,94122,1320,1630,2230,2680,2013,San Francisco County
1334,121,94122,1480,1740,2340,2740,2011,San Francisco County
1335,127,94122,1610,1970,2640,3060,2016,San Francisco County
1336,122,94122,1440,1780,2440,2920,2015,San Francisco County
1337,124,94122,2540,3170,4130,4400,2018,San Francisco County
1338,125,94621,1000,1240,1700,2040,2014,Alameda County
1339,124,94621,1540,1880,2520,3010,2017,Alameda County
1340,126,94621,1070,1270,1720,2130,2012,Alameda County
1341,126,94621,1670,2100,2900,3560,2019,Alameda County
1342,124,94621,970,1200,1640,1970,2013,Alameda County
1343,122,94621,1190,1400,1880,2200,2011,Alameda County
1344,128,94621,1130,1380,1850,2140,2016,Alameda County
1345,123,94621,1060,1310,1790,2150,2015,Alameda County
1346,125,94621,1610,2020,2800,3430,2018,Alameda County
1347,126,94114,1530,1890,2590,3100,2014,San Francisco County
1348,125,94114,2330,2840,3800,4540,2017,San Francisco County
1349,127,94114,1610,1910,2590,3210,2012,San Francisco County
1350,127,94114,2630,3250,4260,4510,2019,San Francisco County
1351,125,94114,1470,1820,2490,2990,2013,San Francisco County
1352,123,94114,1620,1910,2570,3000,2011,San Francisco County
1353,129,94114,1770,2170,2910,3370,2016,San Francisco County
1354,124,94114,1610,1990,2730,3270,2015,San Francisco County
1355,126,94114,2890,3610,4700,5010,2018,San Francisco County
1356,127,94107,1830,2260,3090,3710,2014,San Francisco County
1357,126,94107,3710,4530,6070,7250,2017,San Francisco County
1358,128,94107,1920,2280,3090,3830,2012,San Francisco County
1359,128,94107,3370,4210,5490,5850,2019,San Francisco County
1360,126,94107,1760,2170,2970,3560,2013,San Francisco County
1361,124,94107,1940,2280,3070,3590,2011,San Francisco County
1362,130,94107,2140,2630,3520,4090,2016,San Francisco County
1363,125,94107,1930,2380,3260,3910,2015,San Francisco County
1364,127,94107,3740,4670,6090,6490,2018,San Francisco County
1365,128,94110,1240,1530,2100,2510,2014,San Francisco County
1366,127,94110,1950,2380,3190,3810,2017,San Francisco County
1367,129,94110,1340,1590,2160,2670,2012,San Francisco County
1368,129,94110,2250,2810,3670,3920,2019,San Francisco County
1369,127,94110,1190,1470,2010,2410,2013,San Francisco County
1370,125,94110,1340,1580,2130,2490,2011,San Francisco County
1371,131,94110,1470,1800,2410,2800,2016,San Francisco County
1372,126,94110,1300,1610,2200,2640,2015,San Francisco County
1373,128,94110,2210,2760,3600,4350,2018,San Francisco County
1374,129,94588,1570,1940,2660,3190,2014,Alameda County
1376,128,94588,2400,2930,3930,4690,2017,Alameda County
1378,130,94588,1710,2030,2750,3410,2012,Alameda County
1382,130,94588,2320,2890,3980,4880,2019,Alameda County
1384,128,94588,1510,1860,2550,3050,2013,Alameda County
1386,126,94588,1730,2030,2730,3190,2011,Alameda County
1388,132,94588,1740,2130,2850,3310,2016,Alameda County
1392,127,94588,1650,2040,2790,3350,2015,Alameda County
1394,129,94588,2480,3110,4300,5270,2018,Alameda County
1396,130,94131,1410,1740,2380,2860,2014,San Francisco County
1397,129,94131,2280,2780,3720,4450,2017,San Francisco County
1398,132,94131,1490,1770,2400,2970,2012,San Francisco County
1399,131,94131,2610,3240,4230,4510,2019,San Francisco County
1400,129,94131,1350,1670,2290,2740,2013,San Francisco County
1401,127,94131,1500,1770,2380,2780,2011,San Francisco County
1402,134,94131,1690,2070,2770,3220,2016,San Francisco County
1403,128,94131,1480,1830,2510,3010,2015,San Francisco County
1404,130,94131,2890,3600,4700,5010,2018,San Francisco County
1405,131,94603,1060,1310,1790,2150,2014,Alameda County
1406,130,94603,1580,1930,2590,3090,2017,Alameda County
1407,133,94603,1140,1350,1830,2270,2012,Alameda County
1408,132,94603,1670,2100,2900,3560,2019,Alameda County
1409,130,94603,1020,1260,1730,2070,2013,Alameda County
1410,128,94603,1190,1400,1880,2200,2011,Alameda County
1411,135,94603,1140,1400,1880,2180,2016,Alameda County
1412,129,94603,1120,1380,1890,2270,2015,Alameda County
1413,131,94603,1640,2050,2840,3480,2018,Alameda County
1414,132,94116,1460,1800,2460,2960,2014,San Francisco County
1415,131,94116,2150,2620,3510,4190,2017,San Francisco County
1416,134,94116,1590,1880,2550,3160,2012,San Francisco County
1417,133,94116,2250,2810,3670,3920,2019,San Francisco County
1418,131,94116,1400,1730,2370,2840,2013,San Francisco County
1419,129,94116,1590,1870,2520,2940,2011,San Francisco County
1420,136,94116,1700,2080,2790,3230,2016,San Francisco County
1421,130,94116,1540,1900,2600,3120,2015,San Francisco County
1422,132,94116,2480,3090,4030,4350,2018,San Francisco County
1423,133,94124,1070,1320,1810,2170,2014,San Francisco County
1424,132,94124,1470,1800,2410,2880,2017,San Francisco County
1425,135,94124,1110,1320,1790,2220,2012,San Francisco County
1426,134,94124,2250,2810,3670,3920,2019,San Francisco County
1427,132,94124,1030,1270,1740,2090,2013,San Francisco County
1428,130,94124,1190,1400,1880,2200,2011,San Francisco County
1429,137,94124,1130,1390,1860,2160,2016,San Francisco County
1430,131,94124,1130,1390,1900,2280,2015,San Francisco County
1431,133,94124,2170,2720,3530,4350,2018,San Francisco County
1432,134,94127,1320,1630,2230,2680,2014,San Francisco County
1433,133,94127,3290,4020,5390,6430,2017,San Francisco County
1434,136,94127,1900,2250,3050,3780,2012,San Francisco County
1435,135,94127,3380,4220,5490,5850,2019,San Francisco County
1436,133,94127,1270,1570,2150,2580,2013,San Francisco County
1437,131,94127,1380,1620,2180,2550,2011,San Francisco County
1438,138,94127,2140,2630,3520,4090,2016,San Francisco County
1439,132,94127,1390,1720,2360,2820,2015,San Francisco County
1440,134,94127,3750,4680,6100,6500,2018,San Francisco County
1441,135,94577,1040,1280,1750,2100,2014,Alameda County
1442,134,94577,1630,1990,2670,3180,2017,Alameda County
1443,137,94577,1110,1320,1790,2220,2012,Alameda County
1444,136,94577,1710,2130,2940,3600,2019,Alameda County
1445,134,94577,1000,1230,1680,2020,2013,Alameda County
1446,132,94577,1190,1400,1880,2200,2011,Alameda County
1447,139,94577,1170,1440,1930,2240,2016,Alameda County
1448,133,94577,1090,1350,1850,2220,2015,Alameda County
1449,135,94577,1880,2360,3260,3990,2018,Alameda County
1450,136,94132,1520,1880,2570,3090,2014,San Francisco County
1451,135,94132,2320,2830,3790,4530,2017,San Francisco County
1452,138,94132,1600,1890,2560,3170,2012,San Francisco County
1453,137,94132,2640,3300,4300,4580,2019,San Francisco County
1454,135,94132,1460,1800,2460,2960,2013,San Francisco County
1455,133,94132,1600,1880,2530,2960,2011,San Francisco County
1456,140,94132,1750,2150,2880,3340,2016,San Francisco County
1457,134,94132,1600,1980,2710,3250,2015,San Francisco County
1458,136,94132,2930,3660,4770,5080,2018,San Francisco County
1459,137,94112,1250,1540,2110,2530,2014,San Francisco County
1460,136,94112,1840,2250,3010,3600,2017,San Francisco County
1461,139,94112,1360,1610,2180,2700,2012,San Francisco County
1462,138,94112,2250,2810,3670,3920,2019,San Francisco County
1463,136,94112,1200,1480,2030,2430,2013,San Francisco County
1464,134,94112,1360,1600,2150,2520,2011,San Francisco County
1465,141,94112,1380,1690,2260,2630,2016,San Francisco County
1466,135,94112,1310,1620,2220,2660,2015,San Francisco County
1467,137,94112,2170,2720,3530,4350,2018,San Francisco County
1468,138,94134,1210,1490,2040,2450,2014,San Francisco County
1469,137,94134,1700,2080,2790,3330,2017,San Francisco County
1470,140,94134,1340,1590,2160,2670,2012,San Francisco County
1472,139,94134,2250,2810,3670,3920,2019,San Francisco County
1473,137,94134,1160,1430,1960,2350,2013,San Francisco County
1474,135,94134,1350,1590,2140,2500,2011,San Francisco County
1475,142,94134,1280,1570,2100,2440,2016,San Francisco County
1476,136,94134,1270,1570,2150,2580,2015,San Francisco County
1477,138,94134,2170,2720,3530,4350,2018,San Francisco County
1478,139,94568,1600,1980,2710,3250,2014,Alameda County
1479,138,94568,2470,3020,4050,4830,2017,Alameda County
1480,142,94568,1670,1980,2680,3320,2012,Alameda County
1482,140,94568,2500,3120,4290,5260,2019,Alameda County
1483,138,94568,1540,1900,2600,3120,2013,Alameda County
1484,136,94568,1680,1980,2660,3110,2011,Alameda County
1485,143,94568,1790,2190,2940,3400,2016,Alameda County
1486,137,94568,1690,2090,2860,3430,2015,Alameda County
1487,139,94568,2660,3340,4610,5660,2018,Alameda County
1488,140,94578,1030,1270,1740,2090,2014,Alameda County
1489,139,94578,1590,1940,2600,3100,2017,Alameda County
1490,144,94578,1100,1300,1760,2180,2012,Alameda County
1491,141,94578,1670,2100,2900,3560,2019,Alameda County
1492,139,94578,990,1220,1670,2000,2013,Alameda County
1493,137,94578,1190,1400,1880,2200,2011,Alameda County
1494,144,94578,1160,1420,1900,2210,2016,Alameda County
1495,138,94578,1090,1340,1830,2200,2015,Alameda County
1496,140,94578,1780,2240,3090,3790,2018,Alameda County
1497,141,94015,1340,1660,2270,2730,2014,San Mateo County
1498,140,94015,2070,2530,3390,4050,2017,San Mateo County
1499,145,94015,1450,1720,2330,2890,2012,San Mateo County
1500,142,94015,2400,2970,3890,4130,2019,San Mateo County
1501,140,94015,1290,1590,2180,2610,2013,San Mateo County
1502,138,94015,1460,1720,2310,2710,2011,San Mateo County
1503,145,94015,1560,1910,2560,2970,2016,San Mateo County
1504,139,94015,1410,1740,2380,2860,2015,San Mateo County
1505,141,94015,2640,3300,4300,4580,2018,San Mateo County
1506,142,94005,1250,1540,2110,2530,2014,San Mateo County
1507,141,94005,1800,2200,2950,3520,2017,San Mateo County
1508,146,94005,1380,1630,2210,2740,2012,San Mateo County
1509,143,94005,2250,2810,3670,3920,2019,San Mateo County
1510,141,94005,1200,1480,2030,2430,2013,San Mateo County
1511,139,94005,1390,1630,2190,2560,2011,San Mateo County
1512,146,94005,1370,1680,2250,2610,2016,San Mateo County
1513,140,94005,1310,1620,2220,2660,2015,San Mateo County
1514,142,94005,2240,2800,3650,4350,2018,San Mateo County
1515,143,94014,1250,1540,2110,2530,2014,San Mateo County
1516,142,94014,1880,2290,3070,3660,2017,San Mateo County
1517,147,94014,1250,1480,2010,2480,2012,San Mateo County
1519,144,94014,2250,2810,3670,3920,2019,San Mateo County
1520,142,94014,1200,1480,2030,2430,2013,San Mateo County
1521,140,94014,1260,1480,1990,2330,2011,San Mateo County
1522,147,94014,1430,1750,2350,2720,2016,San Mateo County
1523,141,94014,1310,1620,2220,2660,2015,San Mateo County
1524,143,94014,2380,2970,3870,4350,2018,San Mateo County
1525,144,94579,1340,1650,2260,2710,2014,Alameda County
1526,143,94579,2020,2470,3310,3950,2017,Alameda County
1527,149,94579,1460,1730,2350,2900,2012,Alameda County
1528,145,94579,1850,2320,3200,3930,2019,Alameda County
1529,143,94579,1290,1590,2180,2610,2013,Alameda County
1530,141,94579,1470,1730,2330,2720,2011,Alameda County
1531,148,94579,1460,1790,2400,2780,2016,Alameda County
1532,142,94579,1410,1740,2380,2860,2015,Alameda County
1533,144,94579,2050,2570,3550,4360,2018,Alameda County
1534,145,94580,1160,1430,1960,2350,2014,Alameda County
1535,144,94580,1970,2410,3230,3860,2017,Alameda County
1536,150,94580,1330,1570,2130,2640,2012,Alameda County
1537,146,94580,1780,2240,3080,3780,2019,Alameda County
1538,144,94580,1120,1380,1890,2270,2013,Alameda County
1539,142,94580,1220,1430,1920,2250,2011,Alameda County
1540,149,94580,1440,1770,2370,2750,2016,Alameda County
1541,143,94580,1220,1510,2070,2480,2015,Alameda County
1542,145,94580,1970,2480,3420,4200,2018,Alameda County
1543,146,94541,1090,1340,1830,2200,2014,Alameda County
1544,145,94541,1650,2010,2690,3220,2017,Alameda County
1545,151,94541,1160,1370,1860,2300,2012,Alameda County
1546,147,94541,1680,2100,2900,3560,2019,Alameda County
1547,145,94541,1040,1290,1770,2120,2013,Alameda County
1548,143,94541,1190,1400,1880,2200,2011,Alameda County
1549,150,94541,1200,1470,1970,2280,2016,Alameda County
1550,144,94541,1140,1410,1930,2320,2015,Alameda County
1551,146,94541,1850,2320,3210,3940,2018,Alameda County
1552,147,94566,1390,1710,2340,2810,2014,Alameda County
1553,146,94566,2200,2690,3600,4300,2017,Alameda County
1554,152,94566,1410,1670,2260,2800,2012,Alameda County
1555,148,94566,2210,2750,3780,4640,2019,Alameda County
1556,146,94566,1330,1640,2250,2690,2013,Alameda County
1557,144,94566,1420,1670,2250,2630,2011,Alameda County
1558,151,94566,1570,1930,2590,3000,2016,Alameda County
1559,145,94566,1460,1800,2460,2960,2015,Alameda County
1560,147,94566,2400,3020,4170,5110,2018,Alameda County
1561,148,94542,1290,1590,2180,2610,2014,Alameda County
1562,147,94542,1970,2410,3230,3860,2017,Alameda County
1563,153,94542,1310,1550,2100,2600,2012,Alameda County
1564,149,94542,1850,2310,3180,3900,2019,Alameda County
1565,147,94542,1230,1520,2080,2500,2013,Alameda County
1566,145,94542,1320,1550,2080,2440,2011,Alameda County
1567,152,94542,1450,1780,2390,2770,2016,Alameda County
1568,146,94542,1350,1670,2290,2740,2015,Alameda County
1569,148,94542,2020,2540,3510,4300,2018,Alameda County
1570,149,94544,1140,1410,1930,2320,2014,Alameda County
1571,148,94544,1740,2130,2850,3410,2017,Alameda County
1572,154,94544,1250,1480,2010,2480,2012,Alameda County
1573,150,94544,1670,2100,2900,3560,2019,Alameda County
1574,148,94544,1100,1360,1860,2230,2013,Alameda County
1575,146,94544,1250,1470,1980,2310,2011,Alameda County
1576,153,94544,1260,1550,2080,2410,2016,Alameda County
1577,147,94544,1210,1490,2040,2450,2015,Alameda County
1578,149,94544,1850,2320,3200,3930,2018,Alameda County
1579,150,94044,1480,1830,2510,3010,2014,San Mateo County
1580,149,94044,2250,2750,3680,4400,2017,San Mateo County
1581,155,94044,1550,1840,2500,3090,2012,San Mateo County
1582,151,94044,2420,3020,3940,4190,2019,San Mateo County
1583,149,94044,1420,1750,2400,2870,2013,San Mateo County
1584,147,94044,1560,1840,2470,2890,2011,San Mateo County
1585,154,94044,1700,2080,2790,3230,2016,San Mateo County
1586,148,94044,1560,1920,2630,3150,2015,San Mateo County
1587,150,94044,2680,3350,4370,4650,2018,San Mateo County
1588,151,94545,1300,1600,2190,2630,2014,Alameda County
1589,150,94545,1970,2400,3220,3840,2017,Alameda County
1590,156,94545,1350,1600,2170,2690,2012,Alameda County
1591,152,94545,1860,2320,3190,3910,2019,Alameda County
1592,150,94545,1250,1540,2110,2530,2013,Alameda County
1593,148,94545,1350,1590,2140,2500,2011,Alameda County
1594,155,94545,1430,1750,2350,2720,2016,Alameda County
1595,149,94545,1370,1690,2310,2780,2015,Alameda County
1596,151,94545,2000,2510,3470,4250,2018,Alameda County
1597,152,94586,1510,1870,2560,3070,2014,Alameda County
1598,151,94586,2110,2580,3460,4130,2017,Alameda County
1599,157,94586,1490,1770,2400,2970,2012,Alameda County
1600,153,94586,1810,2270,3150,3860,2019,Alameda County
1601,151,94586,1460,1800,2460,2960,2013,Alameda County
1602,149,94586,1220,1430,1920,2250,2011,Alameda County
1603,156,94586,1610,1980,2650,3080,2016,Alameda County
1604,150,94586,1600,1970,2700,3240,2015,Alameda County
1605,152,94586,2010,2520,3490,4280,2018,Alameda County
1606,153,94080,1360,1680,2300,2760,2014,San Mateo County
1607,152,94080,1950,2380,3190,3810,2017,San Mateo County
1608,158,94080,1400,1660,2250,2790,2012,San Mateo County
1609,154,94080,2250,2810,3670,3920,2019,San Mateo County
1610,152,94080,1300,1610,2200,2640,2013,San Mateo County
1611,150,94080,1410,1660,2230,2610,2011,San Mateo County
1612,157,94080,1490,1830,2450,2840,2016,San Mateo County
1613,151,94080,1430,1770,2420,2910,2015,San Mateo County
1614,153,94080,2250,2810,3670,4350,2018,San Mateo County
1615,154,94587,1260,1550,2120,2550,2014,Alameda County
1616,153,94587,1980,2420,3240,3870,2017,Alameda County
1617,159,94587,1320,1560,2120,2620,2012,Alameda County
1618,155,94587,1870,2330,3210,3930,2019,Alameda County
1619,153,94587,1210,1490,2040,2450,2013,Alameda County
1620,151,94587,1330,1560,2100,2450,2011,Alameda County
1621,158,94587,1410,1730,2320,2690,2016,Alameda County
1622,152,94587,1330,1640,2250,2690,2015,Alameda County
1623,154,94587,2040,2570,3550,4350,2018,Alameda County
1624,155,94066,1350,1670,2290,2740,2014,San Mateo County
1625,154,94066,2100,2560,3430,4100,2017,San Mateo County
1626,160,94066,1470,1740,2360,2920,2012,San Mateo County
1627,156,94066,2290,2860,3730,3970,2019,San Mateo County
1628,154,94066,1300,1600,2190,2630,2013,San Mateo County
1629,152,94066,1480,1740,2340,2740,2011,San Mateo County
1630,159,94066,1590,1950,2610,3030,2016,San Mateo County
1631,153,94066,1430,1760,2410,2890,2015,San Mateo County
1632,155,94066,2540,3170,4140,4410,2018,San Mateo County
1633,156,94128,1360,1680,2300,2760,2014,San Mateo County
1634,155,94128,2080,2540,3400,4060,2017,San Mateo County
1635,161,94128,1440,1710,2320,2870,2012,San Mateo County
1636,157,94128,2310,2860,3750,3960,2019,San Mateo County
1637,155,94128,1300,1610,2200,2640,2013,San Mateo County
1638,160,94128,1590,1950,2610,3030,2016,San Mateo County
1639,154,94128,1430,1770,2420,2910,2015,San Mateo County
1640,156,94128,2520,3150,4100,4370,2018,San Mateo County
1641,157,94401,1330,1640,2250,2690,2014,San Mateo County
1642,156,94401,1980,2420,3240,3870,2017,San Mateo County
1643,162,94401,1380,1640,2220,2750,2012,San Mateo County
1644,158,94401,2370,2960,3850,4100,2019,San Mateo County
1645,156,94401,1280,1580,2160,2590,2013,San Mateo County
1646,153,94401,1390,1640,2210,2580,2011,San Mateo County
1647,161,94401,1500,1840,2470,2860,2016,San Mateo County
1648,155,94401,1400,1730,2370,2840,2015,San Mateo County
1649,157,94401,2630,3280,4270,4550,2018,San Mateo County
1650,158,94019,1390,1710,2340,2810,2014,San Mateo County
1651,157,94019,2100,2570,3440,4110,2017,San Mateo County
1652,163,94019,1490,1770,2400,2970,2012,San Mateo County
1653,159,94019,2420,2990,3920,4140,2019,San Mateo County
1654,157,94019,1330,1640,2250,2690,2013,San Mateo County
1655,154,94019,1450,1710,2300,2690,2011,San Mateo County
1656,162,94019,1520,1870,2510,2910,2016,San Mateo County
1657,156,94019,1460,1800,2460,2960,2015,San Mateo County
1658,158,94019,2620,3270,4260,4540,2018,San Mateo County
1659,159,94030,1340,1660,2270,2730,2014,San Mateo County
1660,158,94030,2190,2670,3580,4270,2017,San Mateo County
1661,164,94030,1430,1700,2310,2850,2012,San Mateo County
1662,160,94030,2410,2980,3900,4140,2019,San Mateo County
1663,158,94030,1300,1600,2190,2630,2013,San Mateo County
1664,155,94030,1450,1700,2290,2670,2011,San Mateo County
1665,163,94030,1630,2000,2680,3110,2016,San Mateo County
1666,157,94030,1420,1750,2400,2870,2015,San Mateo County
1667,159,94030,2650,3300,4310,4590,2018,San Mateo County
1668,160,94555,1480,1830,2510,3010,2014,Alameda County
1669,159,94555,2340,2860,3830,4580,2017,Alameda County
1670,165,94555,1620,1920,2600,3220,2012,Alameda County
1671,161,94555,2320,2890,3980,4880,2019,Alameda County
1672,159,94555,1430,1760,2410,2890,2013,Alameda County
1673,156,94555,1630,1920,2580,3020,2011,Alameda County
1674,164,94555,1660,2040,2730,3170,2016,Alameda County
1675,158,94555,1560,1930,2640,3170,2015,Alameda County
1676,160,94555,2460,3090,4270,5230,2018,Alameda County
1677,161,94038,1360,1680,2300,2760,2014,San Mateo County
1678,160,94038,3630,4430,5930,7090,2017,San Mateo County
1679,166,94038,1490,1760,2390,2960,2012,San Mateo County
1680,162,94038,3310,4130,5380,5730,2019,San Mateo County
1681,160,94038,1300,1610,2200,2640,2013,San Mateo County
1682,157,94038,1450,1710,2300,2690,2011,San Mateo County
1683,165,94038,2140,2630,3520,4090,2016,San Mateo County
1684,159,94038,1430,1770,2420,2910,2015,San Mateo County
1685,161,94038,3670,4580,5970,6360,2018,San Mateo County
1686,162,94010,1260,1550,2120,2550,2014,San Mateo County
1687,161,94010,1970,2410,3230,3860,2017,San Mateo County
1688,167,94010,1280,1520,2060,2550,2012,San Mateo County
1689,163,94010,2670,3300,4320,4570,2019,San Mateo County
1690,161,94010,1210,1490,2040,2450,2013,San Mateo County
1691,158,94010,1290,1520,2040,2390,2011,San Mateo County
1692,166,94010,1480,1810,2430,2810,2016,San Mateo County
1693,160,94010,1330,1640,2250,2690,2015,San Mateo County
1694,162,94010,2870,3580,4670,4980,2018,San Mateo County
1695,163,94536,1300,1610,2200,2640,2014,Alameda County
1696,162,94536,1990,2430,3260,3890,2017,Alameda County
1697,168,94536,1410,1670,2260,2800,2012,Alameda County
1698,164,94536,2030,2530,3480,4270,2019,Alameda County
1699,162,94536,1260,1550,2120,2550,2013,Alameda County
1700,159,94536,1420,1670,2250,2630,2011,Alameda County
1701,167,94536,1430,1760,2360,2730,2016,Alameda County
1702,161,94536,1370,1690,2310,2780,2015,Alameda County
1703,163,94536,2190,2750,3810,4660,2018,Alameda County
1704,164,94539,1600,1980,2710,3250,2014,Alameda County
1706,163,94539,2640,3230,4330,5170,2017,Alameda County
1707,169,94539,1660,1970,2670,3310,2012,Alameda County
1709,165,94539,2420,3030,4190,5130,2019,Alameda County
1710,163,94539,1550,1910,2620,3140,2013,Alameda County
1712,160,94539,1670,1970,2650,3100,2011,Alameda County
1714,168,94539,1910,2340,3140,3640,2016,Alameda County
1715,162,94539,1690,2090,2860,3430,2015,Alameda County
1717,164,94539,2680,3360,4650,5700,2018,Alameda County
1718,166,94402,1380,1700,2330,2790,2014,San Mateo County
1719,164,94402,2030,2480,3320,3970,2017,San Mateo County
1720,171,94402,1490,1770,2400,2970,2012,San Mateo County
1721,166,94402,2670,3300,4320,4570,2019,San Mateo County
1722,165,94402,1320,1630,2230,2680,2013,San Mateo County
1723,162,94402,1500,1770,2380,2780,2011,San Mateo County
1724,169,94402,1550,1900,2550,2950,2016,San Mateo County
1725,164,94402,1450,1790,2450,2940,2015,San Mateo County
1726,165,94402,2500,3120,4070,4350,2018,San Mateo County
1727,167,94404,1790,2210,3030,3630,2014,San Mateo County
1728,165,94404,3710,4530,6070,7250,2017,San Mateo County
1729,172,94404,1850,2190,2970,3680,2012,San Mateo County
1730,167,94404,3340,4140,5420,5740,2019,San Mateo County
1731,166,94404,1720,2120,2900,3480,2013,San Mateo County
1732,163,94404,1860,2190,2950,3440,2011,San Mateo County
1733,170,94404,2140,2630,3520,4090,2016,San Mateo County
1734,165,94404,1890,2330,3190,3830,2015,San Mateo County
1735,166,94404,3510,4380,5710,6080,2018,San Mateo County
1736,168,94403,1460,1800,2460,2960,2014,San Mateo County
1737,166,94403,2320,2830,3790,4530,2017,San Mateo County
1738,173,94403,1570,1860,2520,3120,2012,San Mateo County
1739,168,94403,2680,3320,4350,4600,2019,San Mateo County
1740,167,94403,1400,1730,2370,2840,2013,San Mateo County
1741,164,94403,1580,1860,2500,2930,2011,San Mateo County
1742,171,94403,1740,2140,2870,3320,2016,San Mateo County
1743,166,94403,1530,1890,2590,3100,2015,San Mateo County
1744,167,94403,2920,3650,4760,5070,2018,San Mateo County
1745,169,94538,1380,1700,2330,2790,2014,Alameda County
1746,167,94538,2170,2650,3550,4240,2017,Alameda County
1747,174,94538,1470,1740,2360,2920,2012,Alameda County
1748,169,94538,2180,2710,3730,4570,2019,Alameda County
1749,168,94538,1320,1630,2230,2680,2013,Alameda County
1750,165,94538,1470,1730,2330,2720,2011,Alameda County
1751,172,94538,1570,1920,2570,2980,2016,Alameda County
1752,167,94538,1450,1790,2450,2940,2015,Alameda County
1753,168,94538,2340,2940,4060,4980,2018,Alameda County
1754,170,94560,1310,1620,2220,2660,2014,Alameda County
1755,168,94560,2120,2590,3470,4140,2017,Alameda County
1756,175,94560,1410,1670,2260,2800,2012,Alameda County
1757,170,94560,1850,2310,3180,3900,2019,Alameda County
1758,169,94560,1260,1560,2140,2560,2013,Alameda County
1759,166,94560,1420,1670,2250,2630,2011,Alameda County
1760,173,94560,1530,1880,2520,2920,2016,Alameda County
1761,168,94560,1390,1710,2340,2810,2015,Alameda County
1762,169,94560,2000,2510,3470,4250,2018,Alameda County
1763,171,94065,1360,1680,2300,2760,2014,San Mateo County
1764,169,94065,3710,4530,6070,7250,2017,San Mateo County
1765,176,94065,1440,1710,2320,2870,2012,San Mateo County
1766,171,94065,3400,4220,5520,5850,2019,San Mateo County
1767,170,94065,1300,1610,2200,2640,2013,San Mateo County
1768,167,94065,1450,1710,2300,2690,2011,San Mateo County
1769,174,94065,2140,2630,3520,4090,2016,San Mateo County
1770,169,94065,1430,1770,2420,2910,2015,San Mateo County
1771,170,94065,3750,4680,6100,6500,2018,San Mateo County
1772,172,94063,1110,1370,1880,2250,2014,San Mateo County
1773,170,94063,1710,2090,2800,3340,2017,San Mateo County
1774,177,94063,1220,1440,1950,2420,2012,San Mateo County
1775,172,94063,2250,2810,3670,3920,2019,San Mateo County
1776,171,94063,1060,1310,1790,2150,2013,San Mateo County
1777,168,94063,1220,1440,1940,2270,2011,San Mateo County
1778,175,94063,1270,1560,2090,2420,2016,San Mateo County
1779,170,94063,1170,1440,1970,2360,2015,San Mateo County
1780,171,94063,2310,2880,3750,4350,2018,San Mateo County
1781,173,94027,1360,1680,2300,2760,2014,San Mateo County
1782,171,94027,3710,4530,6070,7250,2017,San Mateo County
1783,178,94027,1440,1710,2320,2870,2012,San Mateo County
1784,173,94027,3400,4220,5520,5850,2019,San Mateo County
1785,172,94027,1300,1610,2200,2640,2013,San Mateo County
1786,169,94027,1450,1710,2300,2690,2011,San Mateo County
1787,176,94027,2140,2630,3520,4090,2016,San Mateo County
1788,171,94027,1430,1770,2420,2910,2015,San Mateo County
1789,172,94027,3750,4680,6100,6500,2018,San Mateo County
1790,174,94002,1320,1630,2230,2680,2014,San Mateo County
1791,172,94002,2040,2490,3340,3980,2017,San Mateo County
1792,179,94002,1380,1640,2220,2750,2012,San Mateo County
1793,174,94002,2400,2970,3890,4110,2019,San Mateo County
1794,173,94002,1260,1560,2140,2560,2013,San Mateo County
1795,170,94002,1390,1640,2210,2580,2011,San Mateo County
1796,177,94002,1530,1880,2520,2920,2016,San Mateo County
1797,172,94002,1390,1710,2340,2810,2015,San Mateo County
1798,173,94002,2600,3240,4230,4500,2018,San Mateo County
1799,175,94070,1350,1670,2290,2740,2014,San Mateo County
1800,173,94070,2030,2480,3320,3970,2017,San Mateo County
1801,180,94070,1540,1820,2470,3060,2012,San Mateo County
1802,175,94070,2460,3050,4000,4230,2019,San Mateo County
1803,174,94070,1300,1600,2190,2630,2013,San Mateo County
1804,171,94070,1550,1820,2450,2860,2011,San Mateo County
1805,178,94070,1530,1880,2520,2920,2016,San Mateo County
1806,173,94070,1430,1760,2410,2890,2015,San Mateo County
1807,174,94070,2670,3330,4340,4630,2018,San Mateo County
1808,176,95134,1610,2050,2890,3530,2014,Santa Clara County
1809,174,95134,2650,3300,4530,5270,2017,Santa Clara County
1810,181,95134,1840,2050,2900,3600,2012,Santa Clara County
1811,176,95134,3320,4070,5490,6300,2019,Santa Clara County
1812,175,95134,1570,2000,2820,3440,2013,Santa Clara County
1813,172,95134,1790,2150,3090,3390,2011,Santa Clara County
1814,179,95134,2370,2960,4090,4600,2016,Santa Clara County
1815,174,95134,1760,2250,3170,3870,2015,Santa Clara County
1816,175,95134,3050,3780,5200,5910,2018,Santa Clara County
1817,177,95002,1180,1500,2120,2580,2014,Santa Clara County
1818,175,95002,1380,1720,2360,2750,2017,Santa Clara County
1819,182,95002,1280,1420,2010,2490,2012,Santa Clara County
1820,177,95002,1830,2270,3130,3550,2019,Santa Clara County
1821,176,95002,1150,1470,2070,2530,2013,Santa Clara County
1822,173,95002,1420,1710,2450,2700,2011,Santa Clara County
1823,180,95002,1310,1630,2250,2530,2016,Santa Clara County
1824,175,95002,1290,1650,2330,2840,2015,Santa Clara County
1825,176,95002,1600,2000,2770,3190,2018,Santa Clara County
1826,178,94062,1180,1460,2000,2400,2014,San Mateo County
1827,176,94062,1900,2320,3110,3710,2017,San Mateo County
1828,183,94062,1290,1530,2070,2570,2012,San Mateo County
1829,178,94062,2260,2810,3670,3920,2019,San Mateo County
1830,177,94062,1130,1400,1920,2300,2013,San Mateo County
1831,174,94062,1300,1530,2060,2410,2011,San Mateo County
1832,181,94062,1370,1680,2250,2610,2016,San Mateo County
1833,176,94062,1250,1540,2110,2530,2015,San Mateo County
1834,177,94062,2380,2970,3870,4350,2018,San Mateo County
1835,179,94089,1470,1880,2650,3240,2014,Santa Clara County
1836,177,94089,1970,2450,3360,3910,2017,Santa Clara County
1837,184,94089,1650,1840,2610,3230,2012,Santa Clara County
1838,179,94089,2610,3200,4320,4950,2019,Santa Clara County
1839,178,94089,1440,1840,2590,3170,2013,Santa Clara County
1840,175,94089,1610,1930,2770,3050,2011,Santa Clara County
1841,182,94089,1750,2180,3010,3390,2016,Santa Clara County
1842,177,94089,1620,2060,2910,3550,2015,Santa Clara County
1843,178,94089,2310,2870,3950,4490,2018,Santa Clara County
1844,180,94301,1540,1960,2760,3370,2014,Santa Clara County
1845,178,94301,2100,2620,3590,4180,2017,Santa Clara County
1846,185,94301,1850,2060,2920,3610,2012,Santa Clara County
1847,180,94301,2670,3270,4410,5060,2019,Santa Clara County
1848,179,94301,1500,1910,2690,3290,2013,Santa Clara County
1849,176,94301,1800,2160,3100,3410,2011,Santa Clara County
1850,183,94301,1850,2310,3190,3590,2016,Santa Clara County
1851,178,94301,1690,2150,3030,3700,2015,Santa Clara County
1852,179,94301,2470,3060,4210,4780,2018,Santa Clara County
1853,181,94025,1600,1980,2710,3250,2014,San Mateo County
1854,179,94025,2330,2840,3800,4540,2017,San Mateo County
1855,186,94025,1700,2010,2730,3370,2012,San Mateo County
1856,181,94025,2700,3360,4380,4670,2019,San Mateo County
1857,180,94025,1550,1910,2620,3140,2013,San Mateo County
1858,177,94025,1710,2010,2700,3160,2011,San Mateo County
1859,184,94025,1790,2190,2940,3400,2016,San Mateo County
1860,179,94025,1690,2090,2860,3430,2015,San Mateo County
1861,180,94025,2990,3730,4860,5180,2018,San Mateo County
1862,182,94303,1210,1500,2050,2460,2014,San Mateo County
1866,180,94303,2060,2530,3420,4040,2017,San Mateo County
1870,187,94303,1200,1420,1930,2380,2012,San Mateo County
1874,182,94303,2250,2810,3670,3940,2019,San Mateo County
1878,181,94303,1170,1440,1970,2360,2013,San Mateo County
1882,178,94303,1210,1420,1910,2230,2011,San Mateo County
1886,185,94303,1470,1800,2410,2800,2016,San Mateo County
1890,180,94303,1280,1580,2160,2590,2015,San Mateo County
1894,181,94303,2270,2830,3760,4350,2018,San Mateo County
1898,184,95035,1480,1890,2670,3250,2014,Alameda County
1900,182,95035,1790,2190,2930,3500,2017,Alameda County
1904,189,95035,1210,1430,1940,2400,2012,Alameda County
1908,184,95035,2260,2770,3740,4290,2019,Alameda County
1912,183,95035,1450,1850,2610,3190,2013,Alameda County
1914,180,95035,1220,1430,1920,2250,2011,Alameda County
1918,187,95035,1300,1600,2140,2490,2016,Alameda County
1922,182,95035,1620,2070,2920,3560,2015,Alameda County
1924,183,95035,2070,2570,3530,4010,2018,Alameda County
1928,185,95140,1290,1650,2330,2840,2014,Santa Clara County
1929,184,95140,1770,2200,3020,3510,2017,Santa Clara County
1930,191,95140,1470,1630,2310,2860,2012,Santa Clara County
1931,186,95140,2210,2710,3650,4190,2019,Santa Clara County
1932,184,95140,1260,1610,2270,2770,2013,Santa Clara County
1933,182,95140,1420,1710,2450,2700,2011,Santa Clara County
1934,189,95140,1590,1980,2740,3080,2016,Santa Clara County
1935,183,95140,1420,1810,2550,3120,2015,Santa Clara County
1936,185,95140,2030,2520,3470,3940,2018,Santa Clara County
1937,186,94061,1340,1650,2260,2710,2014,San Mateo County
1938,185,94061,2010,2460,3300,3940,2017,San Mateo County
1939,192,94061,1430,1690,2290,2840,2012,San Mateo County
1940,187,94061,2330,2890,3790,4010,2019,San Mateo County
1941,185,94061,1290,1590,2180,2610,2013,San Mateo County
1942,183,94061,1440,1690,2270,2660,2011,San Mateo County
1943,190,94061,1530,1880,2520,2920,2016,San Mateo County
1944,184,94061,1410,1740,2380,2860,2015,San Mateo County
1945,186,94061,2570,3200,4180,4450,2018,San Mateo County
1946,187,94043,1330,1690,2380,2910,2014,Santa Clara County
1947,186,94043,1790,2230,3060,3560,2017,Santa Clara County
1948,193,94043,1490,1660,2350,2910,2012,Santa Clara County
1949,188,94043,2480,3040,4100,4710,2019,Santa Clara County
1950,186,94043,1290,1650,2330,2840,2013,Santa Clara County
1951,184,94043,1450,1740,2500,2750,2011,Santa Clara County
1952,191,94043,1570,1960,2710,3050,2016,Santa Clara County
1953,185,94043,1460,1860,2620,3200,2015,Santa Clara County
1954,187,94043,2290,2850,3910,4450,2018,Santa Clara County
1955,188,94304,1290,1650,2330,2840,2014,Santa Clara County
1956,187,94304,2650,3300,4530,5270,2017,Santa Clara County
1957,194,94304,1470,1630,2310,2860,2012,Santa Clara County
1958,189,94304,3320,4070,5490,6300,2019,Santa Clara County
1959,187,94304,1260,1610,2270,2770,2013,Santa Clara County
1960,185,94304,1420,1710,2450,2700,2011,Santa Clara County
1961,192,94304,2370,2960,4090,4600,2016,Santa Clara County
1962,186,94304,1420,1810,2550,3120,2015,Santa Clara County
1963,188,94304,3050,3780,5200,5910,2018,Santa Clara County
1964,189,94305,1110,1420,2000,2440,2014,Santa Clara County
1965,188,94305,1570,1950,2670,3110,2017,Santa Clara County
1966,195,94305,1240,1380,1960,2420,2012,Santa Clara County
1967,190,94305,1920,2350,3170,3640,2019,Santa Clara County
1968,188,94305,1080,1380,1950,2380,2013,Santa Clara County
1969,186,94305,1280,1540,2210,2430,2011,Santa Clara County
1970,193,94305,1360,1690,2340,2630,2016,Santa Clara County
1971,187,94305,1220,1550,2190,2670,2015,Santa Clara County
1972,189,94305,1790,2220,3060,3470,2018,Santa Clara County
1973,190,94035,1290,1650,2330,2840,2014,Santa Clara County
1974,189,94035,1770,2200,3020,3510,2017,Santa Clara County
1975,191,94035,2210,2710,3650,4190,2019,Santa Clara County
1976,189,94035,1260,1610,2270,2770,2013,Santa Clara County
1977,194,94035,1590,1980,2740,3080,2016,Santa Clara County
1978,188,94035,1420,1810,2550,3120,2015,Santa Clara County
1979,190,94035,2030,2520,3470,3940,2018,Santa Clara County
1980,191,94306,1410,1800,2540,3100,2014,Santa Clara County
1981,190,94306,2040,2540,3480,4060,2017,Santa Clara County
1982,196,94306,1610,1790,2540,3140,2012,Santa Clara County
1983,192,94306,2640,3240,4370,5010,2019,Santa Clara County
1984,190,94306,1380,1760,2480,3030,2013,Santa Clara County
1985,187,94306,1560,1880,2700,2970,2011,Santa Clara County
1986,195,94306,1770,2200,3040,3420,2016,Santa Clara County
1987,189,94306,1550,1980,2790,3410,2015,Santa Clara County
1988,191,94306,2390,2970,4080,4640,2018,Santa Clara County
1989,192,94028,1360,1680,2300,2760,2014,San Mateo County
1993,191,94028,2080,2540,3410,4060,2017,San Mateo County
1997,197,94028,1440,1710,2320,2870,2012,San Mateo County
2001,193,94028,2310,2860,3740,3970,2019,San Mateo County
2005,191,94028,1300,1610,2200,2640,2013,San Mateo County
2009,188,94028,1450,1710,2300,2690,2011,San Mateo County
2013,196,94028,1390,1710,2290,2660,2016,San Mateo County
2017,190,94028,1430,1770,2420,2910,2015,San Mateo County
2021,192,94028,2510,3140,4090,4360,2018,San Mateo County
2025,194,94040,1290,1640,2310,2820,2014,Santa Clara County
2026,193,94040,1790,2230,3060,3560,2017,Santa Clara County
2027,199,94040,1470,1630,2310,2860,2012,Santa Clara County
2028,195,94040,2670,3270,4410,5060,2019,Santa Clara County
2029,193,94040,1250,1600,2260,2750,2013,Santa Clara County
2030,190,94040,1420,1710,2450,2700,2011,Santa Clara County
2031,198,94040,1560,1950,2700,3030,2016,Santa Clara County
2032,192,94040,1410,1800,2540,3100,2015,Santa Clara County
2033,194,94040,2410,3000,4120,4690,2018,Santa Clara County
2034,195,94022,1290,1650,2330,2840,2014,Santa Clara County
2035,194,94022,2650,3300,4530,5270,2017,Santa Clara County
2036,200,94022,1470,1630,2310,2860,2012,Santa Clara County
2037,196,94022,3180,3900,5260,6040,2019,Santa Clara County
2038,194,94022,1260,1610,2270,2770,2013,Santa Clara County
2039,191,94022,1420,1710,2450,2700,2011,Santa Clara County
2040,199,94022,2370,2960,4090,4600,2016,Santa Clara County
2041,193,94022,1420,1810,2550,3120,2015,Santa Clara County
2042,195,94022,3050,3780,5200,5910,2018,Santa Clara County
2043,196,94085,1340,1710,2410,2940,2014,Santa Clara County
2044,195,94085,1860,2320,3180,3700,2017,Santa Clara County
2045,201,94085,1520,1690,2390,2960,2012,Santa Clara County
2046,197,94085,2460,3020,4070,4670,2019,Santa Clara County
2047,195,94085,1310,1670,2360,2880,2013,Santa Clara County
2048,192,94085,1480,1780,2550,2810,2011,Santa Clara County
2049,200,94085,1650,2060,2850,3200,2016,Santa Clara County
2050,194,94085,1470,1870,2640,3220,2015,Santa Clara County
2051,196,94085,2320,2880,3970,4510,2018,Santa Clara County
2052,197,94086,1290,1640,2310,2820,2014,Santa Clara County
2053,196,94086,1750,2180,2990,3480,2017,Santa Clara County
2054,202,94086,1450,1610,2280,2820,2012,Santa Clara County
2055,198,94086,2400,2940,3970,4550,2019,Santa Clara County
2056,196,94086,1250,1600,2260,2750,2013,Santa Clara County
2057,193,94086,1400,1680,2410,2650,2011,Santa Clara County
2058,201,94086,1530,1910,2640,2970,2016,Santa Clara County
2059,195,94086,1410,1800,2540,3100,2015,Santa Clara County
2060,197,94086,2220,2760,3790,4310,2018,Santa Clara County
2061,198,94024,1750,2230,3140,3840,2014,Santa Clara County
2062,197,94024,2260,2820,3870,4500,2017,Santa Clara County
2063,203,94024,2060,2290,3240,4020,2012,Santa Clara County
2064,199,94024,2970,3640,4910,5630,2019,Santa Clara County
2065,197,94024,1710,2180,3070,3750,2013,Santa Clara County
2066,194,94024,1420,1710,2450,2700,2011,Santa Clara County
2067,202,94024,2000,2490,3440,3870,2016,Santa Clara County
2068,196,94024,1920,2450,3460,4220,2015,Santa Clara County
2069,198,94024,2620,3260,4480,5090,2018,Santa Clara County
2070,199,94087,1310,1670,2360,2880,2014,Santa Clara County
2071,198,94087,1760,2190,3000,3500,2017,Santa Clara County
2072,204,94087,1500,1670,2370,2930,2012,Santa Clara County
2073,200,94087,2380,2920,3940,4520,2019,Santa Clara County
2074,198,94087,1280,1630,2300,2810,2013,Santa Clara County
2075,195,94087,1460,1750,2510,2760,2011,Santa Clara County
2076,203,94087,1540,1920,2650,2980,2016,Santa Clara County
2077,197,94087,1430,1830,2580,3150,2015,Santa Clara County
2078,199,94087,2160,2690,3690,4200,2018,Santa Clara County
